이름,카테고리,가격,단위
[KF365] 백다다기오이 3입,채소,3990,3입
햇 양파 1.5kg,채소,3290,5kg
한통 양배추,채소,3990,기타
[KF365] 애호박 1개,채소,1990,1개
친환경 당근 500g,채소,2990,500g
알배기 배추 1봉 (1/2통 * 2개입),채소,4990,1봉
[KF365] 노지 햇 감자 1kg,채소,3990,1kg
[KF365] 무농약 국산콩 콩나물 300g,채소,1590,300g
싱그러운 유러피안 샐러드믹스 2종,채소,5490,기타
밀양 햇 흙당근 1kg,채소,2990,1kg
[KF365] 브로콜리 1입,채소,3490,1입
깐대파 500g,채소,3990,500g
와일드 루꼴라 50g,채소,3290,50g
[KF365] 파프리카 2입,채소,2490,2입
[KF365] 깐마늘 200g,채소,3490,200g
[KF365] 팽이버섯 2입,채소,1290,2입
[바름팜] 영암 친환경 꿀고구마 1.5kg,채소,11900,5kg
천안 아우내 백다다기오이 5입,채소,4990,5입
친환경 백다다기오이 2입,채소,4290,2입
친환경 시금치 200g,채소,6990,200g
[바름팜] 친환경 한통 양배추,채소,4990,기타
[KF365] 호박고구마 800g,채소,5990,800g
[KF365] 친환경 표고버섯 300g,채소,5490,300g
[KF365] 흙대파 1단 850g,채소,3490,850g
양상추 1입,채소,3490,1입
노지 햇 감자 2kg,채소,6990,2kg
더 달콤한 무농약 숙성 고구마 1.5kg,채소,9990,5kg
[KF365] 새송이버섯 400g,채소,2990,400g
[KF365] 깻잎 30g,채소,1990,30g
[KF365] 부추 200g,채소,2490,200g
간편 삼계탕 재료 3입,채소,4490,3입
[KF365] 가지 2입,채소,1990,2입
파로(엠머밀)500g,채소,9400,500g
[KF365] 무 1통,채소,2990,기타
[KF365] 냉동 다진 마늘 300g,채소,6990,300g
[1+1기획특가][KF365] 참타리 버섯 200g+200g,채소,1490,200g
[풀무원] 특등급 국산콩 무농약 콩나물 340g,채소,2400,340g
경기 시금치 200g,채소,6390,200g
청경채 300g,채소,3990,300g
[KF365] 청양고추 200g,채소,2490,200g
친환경 애호박 1개,채소,3990,1개
[풀무원] 다진마늘 2종,채소,5980,기타
[제각각] 백다다기오이 7입,채소,4990,7입
깐쪽파 200g,채소,6990,200g
바로 데워먹는 야채찜1kg,채소,9900,1kg
[풀무원] SOGA 아삭숙주 350g,채소,1740,350g
한끼 깐마늘 100g,채소,1990,100g
[바름팜] 영암 꿀고구마 1kg,채소,5990,1kg
[KF365] 밤고구마 800g,채소,4990,800g
믹스 샐러드 3종,채소,3490,기타
친환경 깻잎 100g,채소,4590,100g
마늘 100% 다진마늘 500g,채소,9990,500g
조각 양배추 500g,채소,3490,500g
양송이버섯 140g,채소,3490,140g
친환경 깐 양파 200g,채소,2990,200g
상추&깻잎 간편쌈 120g,채소,3290,120g
파프리카 4입,채소,3990,4입
미니 파프리카 200g,채소,3990,200g
햇 양파 900g,채소,2990,900g
표고버섯 100g,채소,2990,100g
능이버섯 백숙재료 135g,채소,6490,135g
친환경 미니 밤호박 (보짱),채소,3990,기타
미니오이 10입,채소,5990,10입
한끼 채소 손질 대파 100g,채소,1990,100g
[바름팜] 친환경 햇 양파 500g,채소,2490,500g
친환경 조각 양배추 400g,채소,3490,400g
[KF365] 청상추 150g,채소,2990,150g
미니오이 5입,채소,3290,5입
친환경 손질한 잎몸 대파 200g,채소,3990,200g
[제각각] 청양고추 300g,채소,2690,300g
친환경 버터헤드레터스,채소,3490,기타
GAP 장수 숙주나물 200g,채소,1490,200g
[땅끝농협] 국산 다진마늘 260g,채소,5590,260g
[팜에이트] 친환경 유러피안 샐러드 130g,채소,4890,130g
깐마늘 1kg,채소,10900,1kg
[저스트그린] 데일리 샐러드 4종,채소,2090,기타
찰 옥수수 5입,채소,5990,5입
샐러드 채소믹스 1kg,채소,9990,1kg
루꼴라 리프 30g,채소,2190,30g
[바름팜] 친환경 채소믹스 샐러드 500g(250g*2봉),채소,6890,500g
미나리 250g,채소,3990,250g
[ardo] 유기농 브로콜리 600g (냉동),채소,7190,600g
적양파 800g,채소,4490,800g
[제각각] 애호박 3입,채소,2990,3입
미니 단호박 2~3입 550g,채소,5990,3입
[바름팜] 친환경 양배추 슬라이스 300g,채소,4590,300g
한끼 당근,채소,1790,기타
베이비 아스파라거스 100g,채소,5990,100g
친환경 적상추 2종,채소,2990,기타
[KF365] 포기로메인 300g,채소,5490,300g
친환경 참송이 버섯 120g,채소,5990,120g
채소믹스 500g,채소,5990,500g
한끼 감자 300g,채소,1990,300g
오이맛고추 150g,채소,2190,150g
뚝딱! 대파 500g (냉동),채소,5490,500g
[김구원선생] 무농약 숙주나물 200g,채소,2190,200g
황도 복숭아 1.2kg (5~6입),과일_견과_쌀,17900,2kg
[KF365] 대추방울토마토 750g,과일_견과_쌀,7990,750g
미국산 워싱턴 생체리 300g (10row),과일_견과_쌀,7990,300g
[KF365] 당도선별 수박 5kg 이상,과일_견과_쌀,29900,5kg
[KF365] 밥상의 진미 쌀 10kg,과일_견과_쌀,29900,10kg
아삭 복숭아 1.2kg [품종:오도로끼-(딱복)],과일_견과_쌀,19900,2kg
[주말특가] [KF365] 머스크멜론 1.6kg,과일_견과_쌀,7990,6kg
땅끝 해남 쌀 10kg,과일_견과_쌀,34900,10kg
대석 자두 1.2kg (개당 60g),과일_견과_쌀,12900,2kg
당도선별 성주 참외 1.5kg (4~7입),과일_견과_쌀,14900,5kg
[KF365] 당도선별 수박 6kg 이상,과일_견과_쌀,34900,6kg
냉동 칠레산 블루베리 1kg,과일_견과_쌀,9490,1kg
7일 향미 8kg,과일_견과_쌀,39900,8kg
[제스프리] 뉴질랜드 골드키위 1.1kg (8~10입) (후숙필요),과일_견과_쌀,12900,1kg
썸머킹 사과 1.3kg (4~7입),과일_견과_쌀,19900,3kg
스테비아 대추방울토마토 1kg,과일_견과_쌀,10900,1kg
[KF365] 유명산지 고당도사과 1.5kg (5~6입),과일_견과_쌀,29900,5kg
[Dole] 스위티오 바나나 2종,과일_견과_쌀,4490,기타
국산 블루베리 100g (특),과일_견과_쌀,9990,100g
[KF365] 유명산지 샤인머스캣500g,과일_견과_쌀,8900,500g
세척사과 1.4kg (6~7입),과일_견과_쌀,22900,4kg
7일 향미 4kg,과일_견과_쌀,20900,4kg
[KF365] 기본에 충실한 하루견과(20g*14봉),과일_견과_쌀,11900,20g
완숙토마토 1kg,과일_견과_쌀,12900,1kg
[귤로장생] 제주 하우스 감귤 1kg,과일_견과_쌀,14900,1kg
[KF365] 실속 바나나 1kg 2종,과일_견과_쌀,3490,1kg
성주 꼬마 참외 900g (5~8입),과일_견과_쌀,10900,900g
스테비아 대추방울토마토 450g,과일_견과_쌀,6490,450g
[KF365] 당도선별 수박 7kg 이상,과일_견과_쌀,39900,7kg
[KF365]16Brix 고당도 상주 샤인머스켓 600g,과일_견과_쌀,16900,600g
냉동 유기농 블루베리 700g (미국산),과일_견과_쌀,14900,700g
[KF365] 컷팅파인애플 1kg,과일_견과_쌀,12900,1kg
[KF365] 당도선별 수박 4kg 이상,과일_견과_쌀,22900,4kg
[아이농] 친환경 대추방울토마토 500g,과일_견과_쌀,8990,500g
씻어나온 완전미 고시히카리 쌀 4kg,과일_견과_쌀,19900,4kg
[Dole] 페루 아보카도 1kg (5~7입),과일_견과_쌀,8990,1kg
햇사레 GAP 황도 복숭아 1.2kg (4~6입),과일_견과_쌀,19900,2kg
대극천 아삭 복숭아 1kg(6~8입),과일_견과_쌀,18905,1kg
대석 왕 자두 10입 (900g),과일_견과_쌀,12900,10입
[아이농] 유기농 함평 무화과 550g (5~8입),과일_견과_쌀,16900,550g
달보드레쌀 4kg,과일_견과_쌀,16600,4kg
유명산지 거봉 포도(1송이),과일_견과_쌀,11900,기타
아삭 복숭아1.2kg(딱복),과일_견과_쌀,16900,2kg
당도선별 흑미 수박 5종,과일_견과_쌀,29900,기타
임금님표 이천쌀 알찬미 쌀 10kg,과일_견과_쌀,49900,10kg
미국산 워싱턴 생체리 500g (10row),과일_견과_쌀,11900,500g
햇사레 GAP 백도 복숭아 1.2kg (5~6입),과일_견과_쌀,19900,2kg
영광 신동진 쌀 10kg,과일_견과_쌀,38900,10kg
[귤림원] 당도선별 GAP 하우스 감귤 1kg,과일_견과_쌀,13900,1kg
강원도 찰토마토 2kg,과일_견과_쌀,16900,2kg
[제스프리] 뉴질랜드 점보 썬골드키위 750g (5입/대과) (후숙필요),과일_견과_쌀,8990,750g
유기농 혼합 9곡 800g (콩없는 혼합 잡곡),과일_견과_쌀,9990,800g
[항공직송] 미국산 생 블루베리 2종,과일_견과_쌀,4492,기타
백진주 쌀 4kg,과일_견과_쌀,21900,4kg
파로(엠머밀)500g,과일_견과_쌀,9400,500g
대왕님표여주쌀(진상) 10kg,과일_견과_쌀,49900,10kg
[KF365] 방울토마토 500g,과일_견과_쌀,6990,500g
미국산 워싱턴 생체리 300g (9.5row),과일_견과_쌀,8990,300g
벌이 수정한 퇴촌 토마토 2종,과일_견과_쌀,13900,기타
상큼가득 캠벨포도 1kg,과일_견과_쌀,19900,1kg
무화과 450g (5~9입),과일_견과_쌀,12900,450g
하루 건강견과 Excellent 500g (20gX25봉),과일_견과_쌀,20900,500g
유기농 담음 신동진 쌀 4kg,과일_견과_쌀,22100,4kg
유명산지 머스크멜론 1.6kg*2입망,과일_견과_쌀,19900,6kg
머스크멜론 1.2kg,과일_견과_쌀,8990,2kg
구운 아몬드 500g,과일_견과_쌀,14900,500g
[스미후루] 순 유기농 바나나 2종,과일_견과_쌀,4290,기타
하우스 감귤 800g(로얄과),과일_견과_쌀,10900,800g
[Dole] 스위티오 파인애플 슬라이스 540g,과일_견과_쌀,9990,540g
미국산 애플청포도 500g [품종:스텔라벨라],과일_견과_쌀,8990,500g
[KF365] 완숙토마토 2kg,과일_견과_쌀,20900,2kg
[스미후루] 감숙왕 바나나 2종,과일_견과_쌀,4290,기타
엘그로 백진주쌀 10kg,과일_견과_쌀,51900,10kg
[HBAF] 매일 색다른 먼투썬 하루견과 2주 (20gX14봉),과일_견과_쌀,13900,20g
[제스프리] 뉴질랜드 골드 키위 760g (4입X2팩),과일_견과_쌀,9990,760g
[정미소] 고시히카리 쌀 2kg,과일_견과_쌀,13900,2kg
[스윗볼] 스테비아 토마토 3종,과일_견과_쌀,7990,기타
[아이농] 무농약 토마토 1kg,과일_견과_쌀,11900,1kg
유기농 찹쌀 1.8kg,과일_견과_쌀,13900,8kg
당도선별 성주 참외 1.2kg(4~7입),과일_견과_쌀,12900,2kg
[귤림원] 당도선별 GAP 하우스 감귤 500g,과일_견과_쌀,7990,500g
7일 이내 로스팅한 구운아몬드 200g,과일_견과_쌀,6990,200g
유명산지 천도복숭아 1.2kg (특),과일_견과_쌀,14900,2kg
찰토마토 1.2kg,과일_견과_쌀,10900,2kg
냉동 밀양 딸기 1kg,과일_견과_쌀,6990,1kg
임금님표 이천쌀 알찬미 쌀 4kg,과일_견과_쌀,28900,4kg
[KF365] 유기농 백미 2kg,과일_견과_쌀,9900,2kg
[대한제일미] 서산 간척지 시월미소미 쌀 4kg,과일_견과_쌀,15900,4kg
[닥터넛츠] 저당 다크초콜릿 견과 3종,과일_견과_쌀,6980,기타
[HBAF] 매일 색다른 먼투썬 하루견과 6주 (20gX42봉),과일_견과_쌀,38900,20g
[KF365] 유기농 백미 4kg,과일_견과_쌀,19900,4kg
맛좋은 알뜰배 2kg (3~4입),과일_견과_쌀,13900,2kg
[아이농] 유기농 바나나 500g,과일_견과_쌀,3790,500g
[Dole] 호주산 레몬 1kg (8~12입),과일_견과_쌀,7990,1kg
[Dole] 필리핀 아보카도 1kg (5~7입),과일_견과_쌀,9990,1kg
친환경 블루베리 100g (특),과일_견과_쌀,9990,100g
[압구정주꾸미] 주꾸미 볶음 2종 (택1),수산_해산_건어물,6590,기타
[오봉집] 인기 메뉴 7종 (택1),수산_해산_건어물,7920,기타
[비비고] 순살 생선구이 4종 (택3),수산_해산_건어물,4230,기타
[KF365] 항공직송 노르웨이 생연어 6종 (냉장) (택1),수산_해산_건어물,15500,기타
[KF365] 완도 전복 5종 (생물) (택1),수산_해산_건어물,9900,기타
[Sea to Table] 손질 생새우살 200g (냉동) (26/30 사이즈),수산_해산_건어물,6690,200g
[압구정낙지] 낙지 볶음 2종 (택1),수산_해산_건어물,7500,기타
[KF365] 에어프라이어용 생선까스,수산_해산_건어물,8990,기타
[연안식당] 알푸짐 알탕,수산_해산_건어물,13900,기타
[연안식당] 꼬막 비빔장 2종 (택1),수산_해산_건어물,5900,기타
[우오가시] 민물 양념장어,수산_해산_건어물,23900,기타
[오봉집] 낙지볶음 2종 (냉동),수산_해산_건어물,7100,기타
[우주] 프리미엄 손질 생새우살 200g (냉동)(26/30사이즈),수산_해산_건어물,6490,200g
[쌜모네키친] 오로라 생연어 2종 (냉장) (택1),수산_해산_건어물,13500,기타
[만선] 두툼한 양념장어구이 2종 (택1),수산_해산_건어물,17500,기타
[속초해품] 실속형 백명란 330g (냉장),수산_해산_건어물,11400,330g
[포트'럭] 국산 오징어 3종 (생물) (택1),수산_해산_건어물,9490,기타
One-Frozen 노르웨이 고등어 3종 (냉동) (택1),수산_해산_건어물,8900,기타
[우물우물] 바른 진미 오징어채,수산_해산_건어물,9900,기타
[만전김X컬리] 갓구운 만전김 16봉,수산_해산_건어물,5000,16봉
[KF365] 간편한 6가지 해물 모듬,수산_해산_건어물,8990,기타
[KF365] 노르웨이 생연어 스테이크 200g (냉장),수산_해산_건어물,12900,200g
[하남주꾸미] 주꾸미 볶음 2종 (택1),수산_해산_건어물,10900,기타
[KF365] 제주토막갈치 3종 (냉동) (택1),수산_해산_건어물,13500,기타
[대천김] 곱창 캔김 30g,수산_해산_건어물,4920,30g
[연안식당] 인기 해물 탕 4종 (택1),수산_해산_건어물,10900,기타
[KF365] 국산 손질오징어 300g (냉장),수산_해산_건어물,13900,300g
[KF365] 명인 명란 2종 (택1),수산_해산_건어물,6950,기타
[KF365] 간편한 손질오징어 600g (냉동),수산_해산_건어물,14900,600g
[Ozen] 훈제연어 슬라이스 180g 3종 (냉장) (택1),수산_해산_건어물,12650,180g
[KF365] 노르웨이 생연어회 200g (냉장),수산_해산_건어물,15500,200g
[어굼터] 순살 고등어구이 2종 (택1),수산_해산_건어물,3690,기타
[KF365] 국산 손질 꽃게 2종 (냉동),수산_해산_건어물,11900,기타
껍질벗긴 프리미엄 붉은 생새우살 300g (냉동),수산_해산_건어물,13800,300g
[건어물상회] 통영 어린이멸치 200g,수산_해산_건어물,7490,200g
[압구정오징어] 갑오징어 볶음 2종 (택1),수산_해산_건어물,7500,기타
[만선] 손질 전복살 3종 (냉동) (택1),수산_해산_건어물,18500,기타
[바다해] 쫄깃 진미채 200g,수산_해산_건어물,11980,200g
[KF365] 두툼한 국산 손질오징어 600g (냉동),수산_해산_건어물,19900,600g
[바비엔] 오징어 볶음 2종 (택1),수산_해산_건어물,8200,기타
[Kurly's] 순살 생선 4종 (택1),수산_해산_건어물,11900,기타
[Sea to Table] 손질 왕 흰다리새우 300g (냉동) (16/20 사이즈),수산_해산_건어물,10570,300g
[모현상회] 간장 생연어장 2종 (택1),수산_해산_건어물,9990,기타
순살 가자미 스테이크 500g (냉동),수산_해산_건어물,9700,500g
[만전김] 두번구워 더욱 바삭한 만전 김밥용김 25g,수산_해산_건어물,2600,25g
[제주창해] 제주 손질 고등어살 4종 (냉동) (택1),수산_해산_건어물,3700,기타
[Mr.주꾸미] 주꾸미 볶음 2종 (택1),수산_해산_건어물,10500,기타
[대흥] 간편하게 손질된 데친 참문어 400g (냉장),수산_해산_건어물,21900,400g
[광천김] 재래 도시락 김 4g X 16봉,수산_해산_건어물,5900,4g
[해찬미소] 낙지통통 연포탕,수산_해산_건어물,12800,기타
[대흥] 간편하게 손질된 모리타니아산 데친 문어 250g (냉장),수산_해산_건어물,11900,250g
[주전부리마켓] 내맘속에 국산 오징어 90g,수산_해산_건어물,13990,90g
[Sea to Table] 볶음밥용 손질 새우살 200g (냉동) (91/120 사이즈),수산_해산_건어물,5860,200g
[주전부리마켓] 내맘속에 구운 오징어,수산_해산_건어물,9800,기타
[기장물산] 해녀가 인정한 기장미역,수산_해산_건어물,7700,기타
[아라찬] 국산 제철 낙지 350g,수산_해산_건어물,17800,350g
[옆집꽃님이네] 직화구이김 5g X 27봉 2종 (택1),수산_해산_건어물,21600,5g
[아라찬] 프리미엄 날치알 2종 (냉동) (택1),수산_해산_건어물,9000,기타
[KF365] 노르웨이 생연어횟감 400g (냉장),수산_해산_건어물,25300,400g
어린이 순살 생선 3종 (냉동) (택1),수산_해산_건어물,12900,기타
[대천김] 곱창 도시락김 5g X 12봉,수산_해산_건어물,6190,5g
[이금선명인] 순살 간장양념 꽃게장 2종 (택1),수산_해산_건어물,13007,기타
[동광젓갈] 백명란젓,수산_해산_건어물,7980,기타
[법성포참맛] 프리미엄 영광굴비180g (2마리) (냉동),수산_해산_건어물,10900,180g
[광천김] 이모카세 도시락김 4g X 12봉,수산_해산_건어물,4990,4g
[기장물산] 유기인증 자른미역 25g (10인분 내외),수산_해산_건어물,1990,25g
대용량 프리미엄 손질 생새우살 800g (냉동) (26/30 사이즈),수산_해산_건어물,19900,800g
[오봉집] 시원한 낙지 연포탕,수산_해산_건어물,13500,기타
[강고집] 우리쌀 어포튀각 클래식 50g,수산_해산_건어물,3190,50g
[쌜모네키친] 연어 스테이크 200g (냉동),수산_해산_건어물,12900,200g
[달래해장] 속풀리게 맑은 지리탕 2종 (택1),수산_해산_건어물,11900,기타
[Hallo!] 노르웨이 고등어 450g (3입) (냉동),수산_해산_건어물,8690,450g
[제주창해] 제주 은갈치 3종 (냉동) (택1),수산_해산_건어물,20900,기타
[KF365] 노르웨이 생연어필렛 1kg (냉장),수산_해산_건어물,52900,1kg
[쌜모네키친] 오로라 그라브락스 연어 200g,수산_해산_건어물,17390,200g
[연안식당] 간장 깐새우장 400g (냉동),수산_해산_건어물,10700,400g
[포트'럭] 강화도 손질 민물장어 3종 (생물) (택1),수산_해산_건어물,30500,기타
[베베피쉬] 이유식용 국산 다짐살 9종 90g (냉동) (택1),수산_해산_건어물,6900,90g
[바른생선] 장문볼락살 600g (5~7쪽) (냉동),수산_해산_건어물,12900,600g
[속초해품] 백명란젓 400g,수산_해산_건어물,14300,400g
[비비고] 노릇하게 구운 갈치구이,수산_해산_건어물,4780,기타
[비비고] 노릇하게 구운 고등어 구이,수산_해산_건어물,4330,기타
[옆집꽃님이네] 굴비다! (170gX5미),수산_해산_건어물,90000,170g
[Hallo!] 한끼 순살 임연수 400g (4입) (냉동),수산_해산_건어물,8450,400g
[우물우물] DHA 진미 오징어채 150g,수산_해산_건어물,8700,150g
[바른생선] 손질 가자미살 600g (냉동),수산_해산_건어물,11900,600g
[다이아몬드] 대용량 프리미엄 손질 왕새우 900g 2종 (냉동),수산_해산_건어물,27800,900g
[Hallo!] 한끼 순살 노르웨이 고등어 330g (3입) (냉동),수산_해산_건어물,7800,330g
[법성포참맛] 찜부세 보리굴비 2종 (냉동),수산_해산_건어물,14000,기타
[KF365] 두툼한 국산 오징어채 600g (냉동),수산_해산_건어물,15900,600g
[씨트리] 동해안 보라성게알 60g,수산_해산_건어물,21400,60g
[KF365] 곱창 캔김 4종 (택1),수산_해산_건어물,11990,기타
[보물섬] 데친 전복 슬라이스 2종 (냉동) (택1),수산_해산_건어물,12900,기타
[엄지네포장마차] 오징어순대 1마리 (냉동),수산_해산_건어물,10700,기타
[KF365] 노르웨이 생연어회 400g (냉장),수산_해산_건어물,27500,400g
[차려낸] 소금&식초로만 맛을 낸 순살 고등어구이 80g X 2입,수산_해산_건어물,7990,80g
[KF365] 양념 소불고기 2종 (택1),정육_가공육_달걀,12470,기타
[KF365] 1+등급 무항생제 특란 20구,정육_가공육_달걀,7244,기타
[Kurly's] 동물복지 백색 유정란 20구,정육_가공육_달걀,9260,기타
[조선호텔] 떡갈비 345g,정육_가공육_달걀,9207,345g
[KF365] 훈제오리 2종 (2입),정육_가공육_달걀,6825,2입
[Kim's butcher] 돌돌말이 대패 삼겹살 1kg(냉동),정육_가공육_달걀,12900,1kg
[Kurly's] 동물복지 유정란 20구,정육_가공육_달걀,9380,기타
[자연실록] 무항생제 닭 다리살 (정육) 500g,정육_가공육_달걀,8910,500g
[자연실록] 무항생제 삼계탕용 두마리 통닭 (550gX2입),정육_가공육_달걀,7794,550g
[KF365] 춘천식 닭갈비 2종 (냉장) (택1),정육_가공육_달걀,7690,기타
[KF365] 한돈 삼겹살 구이용 600g~ (냉장),정육_가공육_달걀,16140,600g
[브룩클린688] 호주산 소고기 목초육 치마살 구이용 300g (냉장),정육_가공육_달걀,11600,300g
[KF365] 무항생제 특란 30구 (15구*2ea),정육_가공육_달걀,10590,기타
[KF365] 1+ 한우 국거리 300g(냉장),정육_가공육_달걀,11850,300g
[숭의가든] 옛날 소 불고기,정육_가공육_달걀,14390,기타
[마더푸드] 오리지널 쪽갈비,정육_가공육_달걀,12480,기타
[델리치오] 호주산 소고기 목초육 안심 스테이크 250g (냉장),정육_가공육_달걀,16990,250g
[다향오리] 훈제오리 슬라이스 (1입/3입),정육_가공육_달걀,4351,1입
[KF365] 양념 칼집 목살구이1kg (냉동),정육_가공육_달걀,14500,1kg
[Kim's butcher] 호주산 소고기 샤브샤브(냉동) 2종,정육_가공육_달걀,10990,기타
[KF365] 한돈 급냉 삼겹살 600g~ (냉동),정육_가공육_달걀,14780,600g
[KF365] 에어프라이어용 미니 돈까스 2종,정육_가공육_달걀,5990,기타
[KF365] 한돈 목살 구이용 600g~ (냉장),정육_가공육_달걀,16140,600g
[Kim's Butcher] 미국산 소고기 대패 우삼겹 (냉동) 2종,정육_가공육_달걀,10900,기타
[KF365] 통통한 그릴 비엔나 소시지 700g,정육_가공육_달걀,8366,700g
[KF365] 1+등급 무항생제 백색 대란 20구,정육_가공육_달걀,7390,기타
[KF365] 한돈 고추장양념 돼지불고기 2종 (냉장) (택1),정육_가공육_달걀,7290,기타
[한끼통살] 소스 닭가슴살 13종 (1입/4입) (택1),정육_가공육_달걀,2700,1입
[KF365] 에어프라이어용 통 닭가슴살 치킨까스 120g*5pk,정육_가공육_달걀,9990,120g
[숭의가든] 한돈 목살 양념 구이 500g,정육_가공육_달걀,14390,500g
무항생제 1등급 한돈 수육용 600g 4종 (냉장),정육_가공육_달걀,8340,600g
[고기반찬] 양념 LA 갈비 800g,정육_가공육_달걀,31920,800g
[상하농원] 순갈색 동물복지 유정란 15구,정육_가공육_달걀,9990,기타
[KF365] 에어프라이어용 통등심 돈까스 2종,정육_가공육_달걀,10890,기타
[이목 무항생제] 국내산 소고기 다짐육 200g (냉장),정육_가공육_달걀,8700,200g
[KF365] 1+ 한우 다짐육 300g(냉장),정육_가공육_달걀,13500,300g
치밥하기 좋은 순살 바베큐치킨,정육_가공육_달걀,14990,기타
[KF365] 한돈 항정살 500g(냉장),정육_가공육_달걀,27400,500g
[KF365] 한돈 삼겹 대패 600g (냉동),정육_가공육_달걀,14380,600g
[자연실록] 동물복지 닭가슴살 큐브 스테이크 4종,정육_가공육_달걀,8415,기타
[Kurly's] 자유방목 동물복지 유정란 10구,정육_가공육_달걀,7390,기타
[존쿡 델리미트] 사각잠봉 400g,정육_가공육_달걀,9484,400g
[KF365] 1+등급 무항생제 특란 15구,정육_가공육_달걀,6090,기타
[사미헌] LA갈비,정육_가공육_달걀,25900,기타
[소금집] 잠봉 120g (냉장),정육_가공육_달걀,8900,120g
[배나무골] 연잎 삼겹살 (냉장),정육_가공육_달걀,12900,기타
[KF365] 오리지널 바베큐폭립 2종,정육_가공육_달걀,10990,기타
[KF365] 생 등심 돈까스 8입 1kg (냉장),정육_가공육_달걀,14120,8입
[일상味소] 채끝 스테이크 250g (냉장),정육_가공육_달걀,16632,250g
[일상味소] 국내산 소고기 차돌박이 150g~ (냉동),정육_가공육_달걀,10450,150g
[고기반찬] 양념 언양식 소 불고기 300g,정육_가공육_달걀,10990,300g
[다란팜] 유기농 자유방목 동물복지 유정란 10구,정육_가공육_달걀,9100,기타
[KF365] 1등급 닭 다리살 2종 (냉장),정육_가공육_달걀,9400,기타
[태우한우] 1+ 한우 안심 스테이크 200g (냉장),정육_가공육_달걀,31760,200g
[한끼통살] 그릴드 닭가슴살 13종 (1입/4입),정육_가공육_달걀,2700,1입
[태우한우] 1+ 한우 채끝 구이용 200g (냉장),정육_가공육_달걀,28755,200g
[KF365] 1+등급 무항생제 대란 30구 (15구*2ea),정육_가공육_달걀,10290,기타
[KF365] 한돈 앞다리 찌개용 600g (냉장),정육_가공육_달걀,10900,600g
[일상味소] 안심 스테이크 200g (냉장),정육_가공육_달걀,19332,200g
[KF365] 1+ 한우 불고기용 300g(냉장),정육_가공육_달걀,13500,300g
[Kurly's] 1++ 한우 국거리 250g (냉장),정육_가공육_달걀,11844,250g
[하림] 냉장 닭가슴살 4종 (3개입),정육_가공육_달걀,6750,3개
[세미계] 간장 닭갈비 구이,정육_가공육_달걀,13990,기타
[한일관 X 백년가게] 순살갈비,정육_가공육_달걀,30225,기타
[KF365] 1+등급 무항생제 특란 10구,정육_가공육_달걀,3980,기타
[일상味소] 육전용 200g (냉동),정육_가공육_달걀,9990,200g
[하림] 수비드 냉장 닭가슴살 5종 (6개입),정육_가공육_달걀,14850,6개
[태우한우] 1+ 한우 양지 국거리용 200g 2종 (냉장),정육_가공육_달걀,14407,200g
[삼도갈비] 마늘 양념 소갈비살 260g,정육_가공육_달걀,14090,260g
[Better me] 백색 반숙란 10구,정육_가공육_달걀,6190,기타
[KF365] 한돈 앞다리 제육용 600g (냉장),정육_가공육_달걀,10900,600g
[KF365] 호주산 소고기 부채살 구이용 300g(냉장),정육_가공육_달걀,8590,300g
[99달걀] 99구운란 30구 (15구*2ea),정육_가공육_달걀,9900,기타
[자연실록] 무항생제 닭볶음탕용 800g,정육_가공육_달걀,7592,800g
[일상味소] 국내산 소고기 등심 스테이크/구이 2종 (냉장),정육_가공육_달걀,11925,기타
[자연실록] 동물복지 한입 닭가슴살 1kg,정육_가공육_달걀,12740,1kg
[자연실록] 무항생제 닭 다리 (북채) 500g,정육_가공육_달걀,7560,500g
[Kurly's] 동물복지 유정란 30구 (15구*2ea),정육_가공육_달걀,14990,기타
[일상味소] 국내산 소고기 다짐육 200g (냉장),정육_가공육_달걀,8451,200g
[KF365] 한돈 삼겹살 수육용 600g~ (냉장),정육_가공육_달걀,16740,600g
[Kim's butcher] 호주산 소고기 앞다리 국거리 300g,정육_가공육_달걀,7490,300g
[Kurly's] 1++ 한우 등심 250g (냉장),정육_가공육_달걀,27920,250g
[오뗄블랙라벨] 제주돼지로 만든 비엔나 소시지 250g,정육_가공육_달걀,4690,250g
[Kurly's] 동물복지 유정란 15구,정육_가공육_달걀,8490,기타
[Kim's butcher] 호주산 소고기 앞다리 다짐육300g,정육_가공육_달걀,7490,300g
무항생제 1등급 한돈 등갈비 600g (냉장),정육_가공육_달걀,20900,600g
무항생제 1등급 한돈 등심(카레용) 2종,정육_가공육_달걀,6210,기타
[KF365] 오리주물럭 600g (200gX3개입),정육_가공육_달걀,15210,600g
[노포기행] 용강동식 돼지왕구이 1kg,정육_가공육_달걀,9990,1kg
[자연실록] 무항생제 닭 가슴살 500g,정육_가공육_달걀,7220,500g
[가농바이오] 촉촉하게 구워낸 오메가3 구운란 20구,정육_가공육_달걀,12200,기타
[자연실록] 무항생제 닭 안심살 500g,정육_가공육_달걀,7220,500g
[오봉집] 제육볶음400g,정육_가공육_달걀,7920,400g
[KF365] 갈색 반숙란 20구,정육_가공육_달걀,10990,기타
[일상味소] 샤브샤브 300g~ (냉동),정육_가공육_달걀,11458,300g
[자연실록] 무항생제 생닭 850g,정육_가공육_달걀,7390,850g
[사미헌] 갈비탕,국,11050,기타
[조선호텔] 삼계탕 900g,국,11900,900g
[거대곰탕] 곰탕,국,12600,기타
[신선설농탕] 고기 설렁탕,국,6825,기타
[피코크] 조선호텔 배추김치 4kg,국,37010,4kg
[홍익궁중전통] 육개장 (2인분),국,8640,기타
[미트클레버] 대구막창,국,14920,기타
[Kurly's] 국산콩 두부 500g,국,3200,500g
[신의주 찹쌀순대] 얼큰 순대국,국,5760,기타
[차려낸] 비법 간장 양념 메추리알 장조림 1kg,국,8100,1kg
[사미헌] 우거지 갈비탕,국,8195,기타
[에머이] 소고기 쌀국수 키트 (2인분),국,10625,기타
[소반옥] 왕갈비탕 1KG,국,9630,기타
[숭의가든] 한돈 목살 양념 구이 500g,국,14390,500g
[Kurly's] 국산콩 두부 300g,국,2200,300g
[온더고] 간편 미식 덮밥 도시락 4종 (택1),국,4980,기타
[본죽] 메추리알 장조림 1kg,국,10900,1kg
[홍루이젠] 대만 샌드위치 3개입 3종 (택1),국,8600,3개
[햇반/쿡반] 노릇노릇 주먹밥 500g 6종 (택1),국,7980,500g
"[Kurly's] 간편하게 바삭, 유린기",국,9200,기타
[사미헌] LA갈비,국,25900,기타
[배나무골] 연잎 삼겹살 (냉장),국,12900,기타
[종가] 포기김치 2.3kg,국,21900,3kg
[부침명장] 한입아삭 김치전,국,6480,기타
[피코크] 금돼지식당 김치찌개,국,5380,기타
[콜린스 다이닝] 마르게리타 미트볼,국,9700,기타
[Kurly's] 국산콩 2컵두부 (150g*2컵),국,2500,150g
[진실된손맛] 맑은 나주식곰탕,국,6800,기타
[서대문 평양옥] 토종닭 백숙 삼계탕,국,10850,기타
[석관동 떡볶이] 오리지널 떡볶이 1봉/2봉(택1),국,9600,1봉
[사미헌] 매운 소갈비찜,국,23840,기타
[99치킨] 순살 닭강정,국,9000,기타
[안원당] 우거지 감자탕,국,6800,기타
[외할머니댁] 차돌 된장찌개,국,6587,기타
[엄마밥상] 청국장,국,5695,기타
[비비고] 썰은배추김치 500g (단지형),국,6980,500g
[벽제갈비] 한우 설렁탕 & 양곰탕 & 곰탕,국,17000,기타
[종가] 맛김치 1.2kg,국,13900,2kg
[Kurly's] 시원한 배추김치 1.5kg,국,14300,5kg
[강남면옥] 갈비탕,국,10710,기타
[조선호텔] 꿔바로우 450g,국,8700,450g
[앤쿡] 어린이 한우 사골 곰국,국,14850,기타
[피코크] 조선호텔 포기김치 3kg,국,38800,3kg
[방방곡곡] 비빔국수 키트 (2인분),국,9450,기타
[워커힐] 명월관 갈비탕,국,15300,기타
[비비고] 간편한 국물요리 9종 (택1),국,6400,기타
[비움반찬] 진미채볶음,국,4800,기타
[종가] 열무김치 900g,국,14900,900g
[고래사] 가정용 꼬치어묵,국,6120,기타
[비비고] 열무김치 1.5kg,국,19800,5kg
[비움반찬] 도시락 밑반찬 세트 5종(택1),국,8910,기타
[강창구찹쌀진순대] 찹쌀 진순대국,국,6205,기타
[조선호텔김치] 프리미엄 배추김치 1kg,국,28000,1kg
[한일관 X 백년가게] 등심 불고기,국,27115,기타
[조선호텔김치] 프리미엄 겉절이 500g,국,16200,500g
[채선당] 샤브샤브 밀키트 (2인),국,16980,기타
[비움반찬] 베스트 9종 모둠 반찬,국,10700,기타
[신의주 찹쌀순대] 찹쌀 순대국,국,5760,기타
[경복궁 BLACK] 사골 도가니탕,국,11000,기타
[시골보쌈과 감자옹심이] 감자 옹심이 칼국수 (2인분),국,9700,기타
[사세] 버팔로 윙 골드 1kg,국,16000,1kg
[조선호텔김치] 열무김치 1KG,국,25075,기타
[마마리] 나주식 한우 곰탕,국,4345,기타
[애슐리] 오리지널 통살치킨,국,8410,기타
[바른식] 부산 조방낙지 낙곱새 (2인분),국,19890,기타
[톰볼라] 볼로네제 라자냐,국,18320,기타
[바비엔] 오징어 볶음 2종 (택1),국,8200,기타
[풀무원] 새콤달콤유부초밥,국,4680,기타
[왕애밥상] 매운실비김치 2종 (택1),국,12150,기타
[풀무원] 특등급 국산콩 두부 (부침찌개 겸용) 300gx2,국,5280,300g
[조선호텔] 육개장 730g,국,7900,730g
[비비고] 썰은 배추김치1.8kg,국,19800,8kg
[조선호텔] 탕수육 450g,국,8700,450g
[풀무원] 쌀 물만두 1kg,국,9480,1kg
[청해두부] 토종콩 두부 & 순두부 (2개입) (택1),국,6500,2개
[조선호텔] 갈비탕 730g,국,13900,730g
[조선호텔김치] 오이소박이 1kg,국,29250,1kg
[피코크] 조선호텔 남도식 김치 1.9kg,국,28800,9kg
[풀무원] 고소한 유기농 순두부 (2개입),국,2880,2개
[LOTS OF LOVE] 차돌듬뿍 묵은지 볶음밥,국,6760,기타
[비움반찬] 묵은지 들기름볶음,국,4700,기타
[조선호텔김치] 열무물김치 1kg,국,26100,1kg
[올반] 삼선 해물 누룽지탕,국,9880,기타
[고래사] 어묵 떡볶이,국,6500,기타
[비비고] 총각김치1.5kg,국,19800,5kg
[진실된손맛] 모둠나물 손맛 3종(시금치&콩나물&느타리),국,5800,기타
[성수동 분식] 콘치즈 김치볶음밥(2개입),국,7920,2개
[삼호] 부산어묵 바른사각 240g X 2,국,2280,240g
[진실된손맛] 소곱창전골,국,8140,기타
[Kurly's] 계란옷 입은 고기완자 500g,국,6561,500g
[풀무원] 국산콩 나또 3종,국,3000,기타
[마마리] 삼계탕 900g,국,7630,900g
[남다른 감자탕] 순살 감자탕,국,8190,기타
[비움반찬] 견과류지리멸치볶음,국,4000,기타
[풀무원] 한끼 연두부 2개입,국,2480,2개
[한일관 X 백년가게] 서울불고기,국,17910,기타
[파미고] 엑스트라 버진 올리브 오일 500mL,면,18900,기타
[데체코] 엑스트라버진 올리브 오일 500mL,면,20999,기타
[동원] 살코기 참치 85g X 6캔,면,9680,85g
[24-25 햇올리브][꾸악] 스페인 유기농 엑스트라버진 500mL,면,79800,기타
[컬리X햇반] 향긋한 골든퀸현미밥 200g*6입,면,8980,200g
[올리타리아] 엑스트라버진 올리브유 1L,면,27900,1L
[위크위크서울] 바질 페스토(냉장),면,13230,기타
[농심] 신라면 멀티 5입,면,4150,5입
[파미고] 유기농 엑스트라 버진 올리브 오일 500mL,면,19800,기타
[청양] 통참깨 참기름 & 통들깨 들기름 180ml,면,7565,180ml
[오뚜기] 오뚜기밥 실속 210gX12,면,10900,210g
[마정기름집] 100% 통깨 햇참기름 2종 (택1),면,12500,기타
[농심] 올리브 짜파게티 5입,면,5250,5입
[마정기름집] 프리미엄 국산 햇참기름 & 햇들기름 3종 (택1),면,23900,기타
[폰타나] 파스타 소스 600g 5종,면,5480,600g
[그로브] 아보카도 엑스트라버진 오일 2종 (택1),면,19500,기타
[올리] 100% 메밀면 4입번들,면,7980,4입
[마이노멀] 알룰로스 485g,면,8980,485g
[햇반] 백미밥 210g X 6입,면,7480,210g
[에스비] 골든카레 220g 4종 (택1),면,4780,220g
[미자언니네] 꽃게 액젓 2종 (택1),면,10384,기타
[팔도] 비빔면 5입,면,4850,5입
[청정원] 정통 파스타소스 5종 (600g),면,5980,600g
[리오마레] 올리브 오일 참치 80g (3캔/6캔) (택1),면,11980,80g
[칠갑농산] 우리쌀 떡국떡 800g,면,7000,800g
[스팸] 25% 라이트 200g x 3캔,면,10580,200g
[면사랑] 동치미맛 냉면육수 340gx5개,면,4410,340g
[기꼬만] 혼쯔유 (코이다시) 500ml,면,6280,500ml
[룸모] 롱 파스타면 7종 (택1),면,4850,기타
[비비드키친] 저당 드레싱 3종,면,3630,기타
[햇님마을] 국산 100% 깨가 쏟아지는 볶음참깨 2종,면,7980,기타
[풀무원] 통밀 또띠아 6인치(6입),면,3580,6입
[해통령] 육수한알 진한 맛 (코인육수/25정),면,9280,기타
[파르키오니] 퓨어 올리브유 500mL,면,17440,기타
[프레스코발디] 라우데미오 엑스트라 버진 올리브 오일 500mL,면,79000,기타
[더건강한] 그릴 김밥햄,면,5340,기타
[소다미] 하동 매실원액 2종 (500ml/1000ml),면,7700,500ml
[땡큐장] 땡초 고추 다대기 350g,면,7450,350g
[이리아다] 엑스트라버진 실버틴 올리브 오일 500mL,면,25700,기타
[폰타나] 이탈리아 정통 파스타면 4종 (택1),면,2780,기타
[까사스 디 후알도] 피쿠알 엑스트라버진 500mL,면,28900,기타
[한국맥꾸룸] 맥된장 2종,면,15460,기타
[백설] 햄스빌 굿베이컨 110g*3,면,6980,110g
[서림식품] 진참치액,면,10800,기타
[비비드키친] 저당 굴소스,면,4930,기타
[오뗄블랙라벨] 전지 베이컨,면,3990,기타
[드니그리스] 유기농 사과 식초 2종 (언필터) (택1),면,8200,기타
[풀무원] 식물성 지구식단 얇은 두유면 3입,면,6480,3입
[폰타나] 크림 파스타소스 430g 6종,면,6700,430g
[카르보넬] 엑스트라 버진 올리브 오일 2종,면,9880,기타
[스팸] 클래식 200g x 3캔,면,10580,200g
[쟌슨빌] 소시지 3종,면,9990,기타
[양평상회] 월간 참기름 200mL,면,35900,기타
[천일식품] 사누끼 우동면,면,4635,기타
[24-25 햇올리브][알마자라스] 링콘 델라 수베티카 유기농 엑스트라 버진 2종 (택1),면,52800,기타
[백설] 고소함가득 참기름 500mL,면,8980,기타
[포스티보나] 모데나산 화이트 발사믹 비네거 250mL,면,10900,기타
[농심] 육개장 사발면 6입,면,5580,6입
[솔리몬] 레몬즙 500ml/ 990ml (레몬주스 99.9%),면,7980,500ml
[효자원] 제주 순 메밀국수 500g,면,14230,500g
[농심] 얼큰한 너구리 5입,면,4700,5입
[더건강한] 베이컨90g*2,면,6980,90g
[이야이야앤프렌즈] 엑스트라 버진 올리브오일 500mL,면,65000,기타
[네이처빌] 국내산 쌀 97% 한끼든든쌀국수 소컵 3종,면,14900,기타
[데체코] 토마토 파스타소스 400g 3종,면,5262,400g
[청정원] 카레여왕 분말 5종 (택1),면,3630,기타
[조선마켓] 조선향미 유기농 떡 2종 (택1),면,6750,기타
[미자언니네] 프리미엄 맛간장,면,10625,기타
[마다마 올리바] 올리브 절임 5종(냉장) (택1),면,9700,기타
[동원] 고추참치 85g X 6캔,면,9690,85g
[햇님마을] 영양산 100% 태양초 고춧가루 2종 (택1),면,11490,기타
[이리아다] 유기농 엑스트라버진 올리브 오일 500mL,면,29600,기타
[맹가졸리] 발사믹 모데나 식초 3년산 & 8년산,면,8262,기타
[오뚜기] 백세카레 100g 3종(분말),면,3520,100g
[토박이] 생감자옹심이감자수제비 510g,면,8910,510g
[후이펑] 닭표 스리라차 소스 255g,면,7420,255g
[홍영의] 붉은대게 백간장 500ml,면,9300,500ml
[풀무원] 튜브형 쌈장 2종,면,4180,기타
[해찬들] 100% 국산 고추장 1kg,면,15480,1kg
[목우촌] 주부9단 비엔나 소시지,면,11980,기타
[비비드키친] 저당 치폴레 소스 265g,면,5480,265g
[해찬들] 100% 태양초 우리쌀 고추장 500g,면,7140,500g
[르네디종] 디종 머스터드 & 홀 그레인 머스터드 (190g/200g),면,5880,190g
[오뚜기] 가벼운참치 라이트스탠다드 (135GX4),면,9900,기타
[비비드키친] 비건마요,면,4980,기타
[순수람] 채소를 담은 자연주의 채담카레 2종 (낱개/4개입) (택1),면,2600,4개
[루스티켈라] 파스타면 6종 (택1),면,10900,기타
[목우촌] 뽀로로와 친구들 비엔나소시지 270gX2개,면,8980,270g
[목우촌] 주부9단 김밥햄 170gX2개,면,6980,170g
[동원] 살코기 참치 150g X 4캔,면,9680,150g
[농심] 안성탕면 5입,면,3950,5입
[꼬손] 순수 지미 명품 들기름 180mL (국산 통들깨100%),면,14850,기타
[풀무원] 식물성 지구식단 두부면 100g 2종 (택1),면,2280,100g
[햇님마을] 고춧가루 2종 (택1),면,6900,기타
[롯데햄] 의성마늘햄 110g x 4개입,면,8980,110g
[오뚜기] 마요네스 3종,면,3780,기타
[스파클] 스파클링 탄산수 플레인 (500mL * 20병),음료,7790,기타
[광동] 밀싹보리차 무라벨 (1.5L X 12개),음료,14990,5L
[광동] 진한 헛개차 무라벨 (1.5L X 12개),음료,16990,5L
[광동] 밀싹보리차 (500ml X 20개),음료,14690,500ml
[광동] 옥수수 수염차 무라벨 (500mL X 20개),음료,17960,20개
[광동] 옥수수 수염차 무라벨 (1.5L X 12개),음료,16990,5L
[광동] 헛개차 무라벨 (500mL X 20개),음료,17960,20개
[광동] 비타500 콜라겐(잔망루피) (100mL X 10개),음료,6480,10개
[아이시스] 무라벨 초경량 생수 (500mL X 20개),음료,6960,20개
[롯데칠성] 핫식스 더프로 (355mL X 6개) 2종,음료,7630,6개
[롯데칠성] 2%부족할때 아쿠아 (500mL X 6개),음료,7630,6개
[롯데칠성] 칠성사이다 제로 오렌지 (500mL X 6개),음료,9980,6개
[롯데칠성] 탐스 제로 파인애플 (210mL X 30개),음료,13680,30개
[롯데칠성] 탐스 제로 사과 (210mL X 30개),음료,13680,30개
[롯데칠성] 2%부족할때 복숭아 (350mL X 20개),음료,15600,20개
[펩시] 제로 콜라 제로카페인 (210mL X 30개),음료,15480,30개
[펩시] 콜라 (210mL X 30개),음료,15190,30개
[롯데칠성] 칠성사이다 (210mL X 30개),음료,14900,30개
[김소형원방] 저당 호박팥 진액 스틱 15포,음료,13400,기타
[미스터초이스] 얼린 망고주스 (300mL X 6개),음료,17205,6개
[롯데칠성] 립톤 아이스티 제로 복숭아 (355mL X 24개),음료,13900,24개
[씨그램] 무라벨 탄산수 (350mL X 6개) 3종,음료,4380,6개
[골라담기][코카콜라] 몬스터 에너지 355mL 3종,음료,1820,기타
[코카콜라] 파워에이드 마운틴블라스트 오리지널 (600mL X 6개),음료,10560,6개
[코카콜라] 파워에이드 제로 라임향 (600mL X 6개),음료,10560,6개
[코카콜라] 스프라이트 제로 칠 아이스 블라스트 (350mL X 6개),음료,6980,6개
[코카콜라] 환타 제로 상큼피치 (350mL X 6개),음료,6480,6개
[소브스] 에센스 워터 오렌지레몬&엘더플라워 750mL,음료,3500,기타
[해태] 코코팜 포도 (340mL X 6개),음료,5520,6개
[해태] 봉봉 포도 (340mL X 6개),음료,5520,6개
[소브스] 인퓨즈드 워터 바나바&레몬 750mL,음료,3500,기타
[상하농원] 우리쌀 식혜 블루베리 1L,음료,5980,1L
[풀무원샘물] 퓨어 생수 (330mL X 20개),음료,5100,20개
[풀무원샘물] 퓨어 생수 (500mL X 20개),음료,5100,20개
[풀무원샘물] 퓨어 생수 (2L X 6개),음료,3450,2L
[풀무원샘물] 무라벨 생수 (330mL X 20개),음료,5100,20개
[풀무원샘물] 무라벨 생수 (500mL X 20개),음료,5400,20개
[풀무원샘물] 무라벨 생수 (2L X 6개),음료,3800,2L
[풀무원] 브리지톡 탄산수 (500mL X 20개) 2종(택1),음료,10900,20개
[키오스가든] 그리스 과일 주스 1L 2종(오렌지/사과),음료,5900,1L
[지엔씨] 100% 과육 수박주스 1L,음료,5170,1L
파워오투 4종 (500mL X 6개) (택1),음료,8980,6개
[겟프레시] 레드용과&파인애플 330mL 2종(택1),음료,17900,기타
[겟프레시] 코코넛워터&깔라만시 330mL 2종(택1),음료,17900,기타
[겟프레시] 수박주스 330mL 2종(택1),음료,17900,기타
[겟프레시] 망고&패션후르츠 330mL 2종(택1),음료,17900,기타
[나뚜르 드 폼] 유기농 단일품종 착즙 사과주스 750mL 3종,음료,11490,기타
[아이스올리] 순얼음(지퍼백) (1kg X 2개),음료,3980,1kg
[아이스올리] 순얼음(지퍼백) 3kg,음료,3780,3kg
[아이스올리] 빅 볼얼음(4입) 640g,음료,4800,4입
[토모마스] 라무네 일본 사이다 200mL 3종,음료,2380,기타
[제주깜놀] 국산 냉동 수박주스 3종 (택1),음료,3400,기타
[몽베스트] 생수 위드어스(무라벨) (2L X 6개),음료,4250,2L
[몽베스트] 생수 (1L X 6개),음료,3200,1L
[몽베스트] 생수 위드어스(무라벨) (330mL X 20개),음료,5500,20개
[풀무원샘물] 생수 3종 (택1),음료,3800,기타
[두유본색] 단호박 아침두유 (190mL X 10개),음료,24900,10개
"[골라담기] 탄산음료(제로콜라,사이다,밀키스) 미니캔 4종 (택1)",음료,2980,기타
[웅진] 차음료 4종 1.5L (택1),음료,1690,5L
[아이시스] 무라벨 생수 (2L X 6개),음료,5680,2L
더 진한 생강진액(무가당) 1L,음료,16900,1L
[트레비] 탄산수 (300mL X 20개) 4종,음료,7900,20개
[롯데델몬트] 과일주스 1.5L 7종,음료,3780,5L
[프로퍼마켓] 고칼슘 서리태콩물두유 2종 (택1),음료,3850,기타
[펩시] 제로콜라 1.25L 2종,음료,1960,25L
[빅토리아] 무라벨 탄산수 4종 (350mL X 20병) (택1),음료,9900,기타
[지리산물하나] ECO 무라벨 (1LX6개),음료,2890,1L
[나탈리스] 프리미엄 레몬 착즙 주스 1L,음료,21900,1L
[롯데칠성] 칠성사이다 1.25L 2종,음료,1960,25L
[돈시몬] 과일 주스 1L 6종,음료,4990,1L
[레오] 소다 워터 탄산수 (325mL X 24개),음료,15900,24개
"[돈시몬] 에이드 2종(자몽, 레몬) 1.5L",음료,3480,5L
미에로화이바 2종 (오리지널/매실) 1.2L,음료,2500,2L
[펩시] 제로 콜라 라임향 (250mL X 6캔),음료,5080,기타
[아임얼라이브] 유기농 콤부차 315mL 4종,음료,3800,기타
[파스퇴르] 발렌시아 오렌지주스 2.3L,음료,12400,3L
[싱하] 소다 2종(레몬/유자) 330ml x 6개입,음료,7180,330ml
[루비콘] 프리미엄 과일 주스 1L 3종,음료,6200,1L
[웅진] 차음료 2종 (500mL X 6개) (택1),음료,4680,6개
[웅진] 티즐제로 3종 (500mL X 6개) (택1),음료,5780,6개
[웅진] 아침햇살 (500mL X 6개),음료,6980,6개
[웅진] 자연은 감귤 (500mL X 6개),음료,8380,6개
[웅진] 하늘보리 1L,음료,1280,1L
[웅진] 하늘보리 1.5L,음료,1690,5L
[웅진] 아침햇살 1.5L,음료,2680,5L
[풀무원] 아임리얼 착즙야채 2종 700mL,음료,9480,기타
[랭거스] 과일주스 3종 (449mL X 6개),음료,16275,6개
[파스퇴르] 유기농 야채농장 2종 (190mL X 4개),음료,4980,4개
[돈시몬] 착즙 홍자몽 2L,음료,9580,2L
[메종페리에] 탄산수 2종(레몬/라임) (330mL X 4개),음료,5980,4개
파워오투 4종 (500mL X 24개) (택1),음료,34900,24개
[폴라레티] 후르츠/해피썸머 2종 (40g X 10개) (택1),음료,2690,40g
[하이트진로] 토닉워터 (300mL X 6개),음료,5590,6개
[하이트진로] 블랙보리 (520mL X 6개),음료,5590,6개
[아임얼라이브] 콤부차 3종 250mL (택1),음료,3200,기타
[돈시몬] 오렌지 주스 2L,음료,10880,2L
[Kurly's] R15 통밀 식빵,베이커리,3980,기타
클래식 우유 식빵,베이커리,1997,기타
[밀도] 로얄저지우유식빵,베이커리,4207,기타
[도제식빵] 촉촉한 생식빵 2종 (택1),베이커리,6291,기타
[슈퍼너츠] 100% 땅콩버터 460g 2종 (택1),베이커리,12960,460g
[밀도] 소화가잘되는 우유로 만든 쌀식빵 480g,베이커리,5500,480g
[교토마블] 데니쉬 식빵 3종 (택1),베이커리,7900,기타
[크리스피크림도넛] 오리지널 글레이즈드 (9개입),베이커리,14000,9개
MY FIRST 처음 만나는 모닝롤 (24gX10개입),베이커리,4880,24g
[밀도] 호밀잡곡식빵,베이커리,5250,기타
[하트티라미수] 티라미수 7종 (택1),베이커리,26000,기타
[감자밭] 감자빵 오리지널 (120gX5개입),베이커리,15300,120g
[신사동 포노 부오노] 히든 천재의 시그니처 화덕 브레드 (180gX1개입),베이커리,8500,180g
[옳곡] 100% 국내산 땅콩버터 2종 (택1),베이커리,15400,기타
[아티제] 버터롤 (25gX10개입),베이커리,7000,25g
[상하농원] 에그촉촉 카스텔라 250g 2종 (택1),베이커리,10950,250g
[포비베이글] 크림치즈 200g 8종(택1),베이커리,8990,200g
[오넛티] 100% 땅콩버터 2종 (택1),베이커리,11900,기타
[브로드카세] 저당 호밀통밀 깜빠뉴,베이커리,5400,기타
[타르틴베이커리] 컨트리 하프,베이커리,10500,기타
[베키아에누보] 이탈리안 올리브 치아바타 100gX8개입,베이커리,11340,100g
[브로드카세] 저당 통밀브레드,베이커리,8820,기타
[타쿠미야] 고급생식빵,베이커리,11000,기타
[필라델피아] 크림치즈 플레인 190g,베이커리,5490,190g
[아이엠베이글] 베이글 5종 (3개입) (택1),베이커리,7565,3개
[노아베이커리] 치아바타 3종(택1),베이커리,4700,기타
[올드페리도넛] 시그니처 4종세트,베이커리,17340,기타
MY FIRST 처음 만나는 식빵 424g,베이커리,5550,424g
[노티드] 크림 도넛 5종 (택1),베이커리,9000,기타
[밀도] 리치식빵,베이커리,6800,기타
[브레댄코] 생크림식빵 440g,베이커리,4752,440g
[파스키에] 트레쎄 브리오슈 (500g),베이커리,9480,500g
[브레댄코] 리얼 브라우니 쿠키2종 (택1),베이커리,3431,기타
[마이노멀] 저당 저칼로리 딸기잼 320g,베이커리,12980,320g
[외계인방앗간] 우리쌀 모닝빵 3종,베이커리,7500,기타
[복음자리] 딸기잼 500g,베이커리,8980,500g
[넉넉] 듬뿍 치아바타 3종 (택1),베이커리,7380,기타
[크리스피크림도넛] 오리지널 글레이즈드 (3개입),베이커리,5400,3개
[그녀의빵공장] 햄치즈 야채 모닝빵 35gX6개입,베이커리,6138,35g
[소부당]카스테라 생크림 치즈떡(40g*10입),베이커리,15900,40g
[우리쌀 왕호두] 앙버터 호두과자 10구 (개별 포장),베이커리,8500,기타
[필라델피아] 포션 크림치즈,베이커리,3995,기타
[타르틴베이커리] 멀티그레인 컨트리 하프,베이커리,10900,기타
[플랜티] 100% 피넛버터 375g 2종 (택1),베이커리,8980,375g
[블랑제리코팡] 바게트 280g,베이커리,4680,280g
[다보] 과일함량 70% 과일잼 5종,베이커리,5480,기타
[타르틴베이커리] 월넛 하프,베이커리,10300,기타
[파스키에] 슬라이스 브리오슈 (500g),베이커리,8082,500g
[훕훕베이글] 유기농 베이글 5개입 (냉동) 2종 (택1),베이커리,9900,5개
[크리스피크림도넛] 미니 오리지널 글레이즈드 (16개입),베이커리,15500,16개
[리고] 100% 땅콩버터 천크 453g,베이커리,6980,453g
[리치몬드 과자점] 공주밤 파이 (10개입),베이커리,42000,10개
[풀무원] 달콤한 두부 도너츠 2종 (택1),베이커리,6980,기타
[선물세트] 겐츠베이커리 피스 케이크 세트 (9입),베이커리,20700,9입
[리치몬드 과자점] 공주밤 파이 (4개입),베이커리,18000,4개
[오넛티] 피스타치오 스프레드 2종 (택1),베이커리,9900,기타
[테디] 100% 땅콩버터 454g 2종,베이커리,12500,454g
[퀸즈트리] 100% 땅콩버터 500g 2종 (택1),베이커리,8990,500g
[우드앤브릭] 호밀빵 3종,베이커리,6300,기타
[프렌떼] 장발장빵(깜빠뉴) 4종 (택1),베이커리,6900,기타
[제일맞게컬리] 츄러스 350g(2종/택1),베이커리,6980,350g
"[캐나다 빵집, 불라트] 오리지날 치아바타 디너롤 [540g(45g*12)]",베이커리,13900,540g
[깁펠] 데니쉬 식빵 3종 (택1),베이커리,10400,기타
[노아베이커리] 블루베리번,베이커리,4700,기타
[더 트러플베이커리] 티슈 브레드 140g,베이커리,7900,140g
[나폴레옹] 쇼콜라비스큐슈니탱,베이커리,27500,기타
[르까도드마비] 타르트 퍼플벌룬 (16개입),베이커리,29700,16개
[파스키에] 팬케이크 (8개입),베이커리,6320,8개
[사층빵집] 까눌레 9종 (2개입)(택1),베이커리,4950,2개
[브레댄코] 봉주르 카스테라 2종 (택1),베이커리,10800,기타
[그래인스 쿠키] 샤르망,베이커리,25000,기타
[마이노멀] 100% 무가당 땅콩버터 250g 2종 (택1),베이커리,11980,250g
[타르틴베이커리] 오리지널 사워도우,베이커리,7500,기타
[도제식빵] 클래식 베이글 4종 (택1),베이커리,3400,기타
[브로드카세] 저당 멀티그레인 통밀브레드,베이커리,6300,기타
[그래인스 쿠키] 콜렉션,베이커리,37000,기타
[샹달프] 과일잼 170g 5종 (택1),베이커리,6480,170g
[리치] 포켓 피타 브레드,베이커리,7900,기타
[그래인스 쿠키] 베이커스초이스,베이커리,19000,기타
[도쿄바나나] 바나나 빵 8개입,베이커리,22410,8개
[몽슈슈] 도지마롤 2종(냉동)(택 1),베이커리,16500,기타
[타쿠미야] 고급생식빵 하프,베이커리,7000,기타
[파스키에] 팡올레,베이커리,6180,기타
[교토마블] 통밀 데니쉬 식빵 (460g),베이커리,8500,460g
[르 크로플] 크로플 3종 (3개입) (택1),베이커리,9700,3개
[오설록] 그린티 랑드샤 10입,베이커리,14000,10입
[선물세트] 그래인스 쿠키 트레비앙 세트,베이커리,29000,기타
[널담] 고단백 배꼽베이글 4개입 7종 (택1),베이커리,9900,4개
[올드페리도넛] 시그니처 도넛 3종 (2개입) (택1),베이커리,9800,2개
[메이플조] 메이플시럽 3종,베이커리,6550,기타
[본마망] 과일잼 3종,베이커리,5590,기타
[브로드카세] 저당 오트밀 통밀식빵 500g,베이커리,7110,500g
[마루산] 유바리멜론 스팀 케이크,베이커리,11815,기타
[군산 이성당] 샌드웨이퍼 2종 (10개입) (택1),베이커리,10000,10개
[선물세트] PNB 미니초코파이 선물세트,베이커리,24500,기타
[조선델리] 조선호텔 블랙초코 케이크,베이커리,42000,기타
[연세우유 x 마켓컬리] 전용목장우유 1.8L,우유_두유,4980,8L
[매일] 오리지널 우유 1.5L,우유_두유,3980,5L
[연세우유 x 마켓컬리] 전용목장우유 900mL,우유_두유,2580,기타
[매일] 소화가 잘되는 우유 930mL 2종 (택 1),우유_두유,3780,기타
[서울우유] A2 플러스 우유 1.7L,우유_두유,6980,7L
[서울우유] 나 100% 우유 1.8L,우유_두유,5980,8L
[서울우유] 나 100% 우유 1000mL,우유_두유,2980,기타
[김구원선생] 매일 마시는 국산 서리태콩물 1L,우유_두유,7500,1L
[제주우유] 제주 목초 우유 무항생제 750mL,우유_두유,2780,기타
[매일] 아몬드 브리즈 2종 (190mL X 24팩),우유_두유,16990,24팩
[상하목장] 유기농 우유 & 저지방 우유 750mL 2종,우유_두유,5380,기타
[범산목장] 목초먹인 유기농 우유 1000mL,우유_두유,6900,기타
[매일] 아몬드브리즈 950mL 2종 (택1),우유_두유,3410,기타
[프로퍼마켓] 서리태콩물두유 2종 (택1),우유_두유,33900,기타
[서울우유] 나 100% 저지방 우유 1.8L,우유_두유,5980,8L
[상하목장] 유기농 우유 900mL,우유_두유,4990,기타
[제주 성이시돌목장] 유기농 멸균 우유 (140mL X 24개입),우유_두유,28900,24개
[상하목장] 유기농 우유 3종,우유_두유,19900,기타
[파스퇴르] 무항생제 인증 바른목장 우유 2.3L,우유_두유,9980,3L
[소이퀸] 진한 콩물 500mL,우유_두유,5800,기타
[매일] 매일두유 99.9 (190mL X 12팩),우유_두유,9980,12팩
[곡물도감] 서리태 가득 콩물두유 (180mL X 15개),우유_두유,29900,15개
[빙그레] 바나나맛 우유 (240mL X 4개),우유_두유,5800,4개
[김구원선생] 매일 마시는 국산 콩물 1L,우유_두유,5800,1L
[연세우유 x 마켓컬리] 저지방 전용목장 우유 900mL,우유_두유,2780,기타
[서울우유] A2 플러스 우유 710ml,우유_두유,3580,710ml
[서울우유] 나100% 우유 2.3L 2종,우유_두유,7580,3L
[파스퇴르] 바른목장 소화가 잘되는 우유 2.3L,우유_두유,9980,3L
[매일] 어메이징 오트 바리스타 950ML,우유_두유,3200,기타
[매일] 소화가 잘 되는 우유 (190 mL X 6팩),우유_두유,5980,6팩
[밥스누] 서울대 오리지널 약콩 두유 (190mL X 16팩),우유_두유,15500,16팩
[아몬드브리즈] 아몬드 음료 4종 (190ml X 6개입),우유_두유,5920,190ml
[매일] 매일두유 검은콩 (190mL X 12팩),우유_두유,9980,12팩
[범산목장] 유기농 우유 (200mL X 4개),우유_두유,7000,4개
[소이퀸] 서리태 콩물 500mL,우유_두유,7800,기타
[서울우유] 삼각 커피 우유 4개입,우유_두유,4580,4개
[매일] 매일두유 고단백 (190mL X 12팩),우유_두유,10980,12팩
[매일] 매일두유 950ml 3종,우유_두유,3780,950ml
[상하목장] 유기농 우유 저지방 900mL,우유_두유,4990,기타
[매일] 매일우유 후레쉬팩 오리지널 900mL,우유_두유,2860,기타
[연세우유] A2 멸균우유 (180mL X 24개),우유_두유,19900,24개
[남양] 맛있는 우유 GT (900mL x 2입),우유_두유,5880,2입
[빙그레] 바나나맛우유(무가당) (240mL X 4개입),우유_두유,5800,4개
[서울우유] 나 100% 우유 200mL 3개입,우유_두유,3180,3개
[제주우유] 무항생제우유 115ml X 24입,우유_두유,18900,115ml
[제주우유] 저지우유 750mL,우유_두유,4990,기타
[서울우유] 나 100% 저지방 우유 1000mL,우유_두유,3290,기타
[오트사이드] 바리스타 블렌드 귀리 우유 1L,우유_두유,4480,1L
[이레목장] 유기농 산양유 2종,우유_두유,6180,기타
[상하목장] 유기농 락토프리 멸균 우유 (190mL X 6개입),우유_두유,7980,6개
[대학두유] 대학약콩 (약콩두유) (190mL X 20포),우유_두유,19850,기타
[맑은물에] 연천콩 콩물 100% 특급콩 2종,우유_두유,3800,기타
[매일] 소화가 잘되는 우유 저지방 (190mlX6팩),우유_두유,5980,190ml
[아몬드브리즈] 뉴트리플러스 프로틴 (190mL X 24팩),우유_두유,19350,24팩
[바디랩] 검은콩 순수두유 99.9 (185mL X 20포),우유_두유,18400,기타
[두유본색] 단호박 아침두유 (190mL X 10개),우유_두유,24900,10개
온통두유 서리태 통두유 99.8 (190mL x 16개),우유_두유,12900,16개
[제주 성이시돌목장] 유기농 우유 750mL,우유_두유,6100,기타
[매일] 매일두유 렌틸콩 (190mL X 24팩),우유_두유,21960,24팩
[매일] 소화가 잘 되는 우유 미숫가루 (190 mL X 6팩),우유_두유,6490,6팩
[연세우유] 멸균 흰우유 (190mL X 24개입),우유_두유,18900,24개
[서울우유] 초코우유 200mL 3개입,우유_두유,3450,3개
[베지밀] 달콤한 B 검은콩 두유 (190mL X 24팩),우유_두유,13900,24팩
[베지밀] 국산 검은콩 두유 (190mL X 16팩),우유_두유,15500,16팩
[뉴오리진] A2 멸균우유 (200mL X 6개입),우유_두유,9600,6개
[매일] 아몬드 브리즈 초콜릿 (190mLX24팩),우유_두유,19350,24팩
[연세우유] A2 전용목장 단백우유 900mL,우유_두유,3990,기타
[서울우유] 커피우유 200mL 3개입,우유_두유,3450,3개
[오틀리] 식물성 귀리음료 1L 3종,우유_두유,6400,1L
[매일] 소화가 잘되는 우유 단백질 930ml,우유_두유,4080,930ml
[뉴오리진] A2 멸균우유 1L,우유_두유,4900,1L
[올레길] 제주 전용목장 명품우유 900mL,우유_두유,2950,기타
[마이너피겨스] 유기농 오트음료 1L,우유_두유,6980,1L
[상하목장] 저온살균 무항생제인증 우유 900ML,우유_두유,3980,기타
[밥스누] 서울대 서목태 약콩 콩물두유 (190mL X 10개),우유_두유,23000,10개
[매일] 소화가 잘 되는 우유 초콜릿 (190mL X 6팩),우유_두유,6490,6팩
[상하목장] 유기농 멸균 우유 딸기 125mL 2종,우유_두유,4480,기타
[마켓컬리X매일유업] My Basic 매일 좋은 1A 우유 900mL,우유_두유,2550,기타
[파스퇴르] 저온살균 흰우유 2300mL,우유_두유,8980,기타
[매일] 저지방 우유 1.5L,우유_두유,5100,5L
[이담] 산양 우유 750mL,우유_두유,5700,기타
[바디랩] 순수두유 99.9 (190mL X 24개),우유_두유,18400,24개
[베지밀] 달콤한 B 두유 (190mL X 24팩),우유_두유,18900,24팩
[상하목장] 저온살균 무항생제인증 우유 저지방 900ML,우유_두유,3980,기타
[제주축산농협] 풀100 제주 유기농 목초우유 900mL,우유_두유,5980,기타
[매일] 멸균 우유 오리지널 (200mL X 24개입),우유_두유,18900,24개
[베지밀] 두유 950mL 3종,우유_두유,2800,기타
[파스퇴르] 저온살균 흰우유 900mL,우유_두유,4250,기타
[상하목장] 유기농 멸균 우유 코코아 125mL 2종,우유_두유,4480,기타
[베지밀] 담백한 A 검은콩 두유 (190mL X 24팩),우유_두유,15000,24팩
[연세우유] A2 멸균우유 (125mL X 12개입),우유_두유,8950,12개
[빙그레] 바나나맛 우유 라이트 (240mL X 4개),우유_두유,5800,4개
[서울우유] 딸기 우유 200mL 3개입,우유_두유,3450,3개
[삼양목장] 유기농우유 1000mL,우유_두유,4980,기타
[밥스누] 서울대 껍질째 통째로 갈아넣은 약콩두유100 (190mL X 20개),우유_두유,25800,20개
[정식품] 진한 콩국물 950mL,우유_두유,2070,기타
[매일] 바이오 그릭 요거트 무가당 플레인 400g,요거트_생크림,3990,400g
[그릭데이] 플레인 요거트 1.8L,요거트_생크림,7980,8L
[YOZM] 플레인그릭요거트 450g,요거트_생크림,12000,450g
[그릭데이] 그릭요거트 시그니처 450g,요거트_생크림,12600,450g
[풀무원다논] 그릭요거트 3종 (90gX8개입),요거트_생크림,5780,90g
[그릭데이] 그릭요거트 시그니처 100g,요거트_생크림,3800,100g
[YOZM] 플레인그릭요거트 100g,요거트_생크림,3900,100g
[유얼거트] 과일 그릭요거트 4종 (130gX2개),요거트_생크림,5220,130g
[유얼거트] 플레인 그릭요거트 450g,요거트_생크림,8330,450g
[볼비] 두유 그릭요거트 클래식 450g,요거트_생크림,9880,450g
[상하목장] 유기농 베이비 요구르트 3종 (85g X 4개),요거트_생크림,4080,85g
[그릭데이] 아사이볼 그릭요거트 100g,요거트_생크림,3600,100g
[YOZM] 플레인 그릭요거트 소프트 500g,요거트_생크림,14000,500g
[후디스] 그릭 요거트 대용량 450g 3종 (택1),요거트_생크림,6400,450g
[한국야쿠르트] 헬리코박터 프로젝트 윌 당밸런스 (150mL X 5개입),요거트_생크림,9000,5개
[어니스트그릭] 그릭요거트 플레인 오리지널 350g,요거트_생크림,11800,350g
[서울우유] 비요뜨 요거트 4종 (택1),요거트_생크림,1480,기타
[룩트] 아이슬란딕 요거트 100g 2종 (택1),요거트_생크림,3900,100g
[볼비] 두유 그릭요거트 클래식 100g,요거트_생크림,2980,100g
[발린느] 카이막 100g,요거트_생크림,11300,100g
[요플레] ONLY2 플레인 요거트 대용량 1800ml,요거트_생크림,9480,1800ml
[소와나무] 생크림 요거트 (85g X 8개),요거트_생크림,5980,85g
[매일] 바이오 플레인 요거트 450g 2종 (택1),요거트_생크림,3680,450g
[룩트] 킨디 유기농 요거트 플레인 (85g x 3개입),요거트_생크림,6600,85g
[그릭데이] 그릭요거트 라이트 450g,요거트_생크림,11250,450g
[그릭데이] 그릭요거트 시그니처 800g,요거트_생크림,22000,800g
[룩트] 아이슬란딕 요거트볼 키트 6종 (택1),요거트_생크림,5605,기타
[룩트] 아이슬란딕 요거트 띠크 450g,요거트_생크림,13900,450g
[유얼거트] 블루베리 그릭요거트 130g,요거트_생크림,2900,130g
[파스퇴르] 쾌변 5종 (150ml X 4개),요거트_생크림,5680,150ml
[서울우유] 짜먹는 요구르트 짜요짜요 3종 (택1),요거트_생크림,2460,기타
[상하목장] 유기농 그릭요거트 80g* 4개입 2종 (플레인 / 무가당),요거트_생크림,5880,80g
[신앙촌] 런 요구르트 120mL X 8개입,요거트_생크림,12000,8개
[Fage] 파예 플레이버 요거트 150g 4종 (택1),요거트_생크림,5950,150g
[매일] 바이오 그릭요거트 to-go 2종 (택1),요거트_생크림,5980,기타
[파스퇴르] 에이요 요구르트 (145mLX8개),요거트_생크림,3490,8개
[YOZM] 플레인 그릭요거트 소프트 100g,요거트_생크림,3500,100g
[그릭데이] 그릭요거트 라이트 100g,요거트_생크림,3300,100g
[상하목장] 마이리틀 유기농 짜먹는 요거트 3종 (택1),요거트_생크림,4080,기타
[어니스트그릭] 그릭요거트 플레인 오리지널 100g,요거트_생크림,3980,100g
[어니스트그릭] 코코넛 그릭요거트 100g (비건),요거트_생크림,5300,100g
[어니스트그릭] 피스타치오 그릭요거트 100g,요거트_생크림,4800,100g
[상하목장] 유기농 그릭요거트 2종 (택1),요거트_생크림,6790,기타
[요플레] 후루츠 플레이버 3종 (택1),요거트_생크림,3980,기타
[코우카키스] 그리스 무지방 그릭요거트 2종 (택1),요거트_생크림,5600,기타
[룩트] 아이슬란딕 요거트 마일드 450g,요거트_생크림,13900,450g
[상하목장] 마시는 유기농 요구르트 (100mL X 5개),요거트_생크림,2680,5개
[남양] 마시는 불가리스 사과 (150mL X 4개입),요거트_생크림,5980,4개
[요플레] ONLY 3 플레인 요거트 대용량 1800mL,요거트_생크림,9480,기타
[서울우유] 휘핑크림 200mL,요거트_생크림,3400,기타
[어니스트그릭] Smash 깨먹는 피스타치오 그릭요거트 100g,요거트_생크림,5400,100g
[풀무원다논] 요거톡 8종 (2개입 / 12개입),요거트_생크림,2280,2개
[남양] 이오 요구르트 (80mL X 10개입),요거트_생크림,4900,10개
[Fage] 파예 요거트 150g 2종 (택1),요거트_생크림,5950,150g
[어니스트그릭] 그릭요거트 딸기 100g,요거트_생크림,4500,100g
[제주아침미소목장] 플레인 요구르트 1L,요거트_생크림,9300,1L
[덴마크] 사워 크림 450g,요거트_생크림,6480,450g
[유얼거트] 플레인 그릭요거트 130g,요거트_생크림,2700,130g
[YOZM] 플레인 그릭요거트 800g,요거트_생크림,23000,800g
[범산목장] 유기농 목초 그릭 요구르트 350mL,요거트_생크림,7000,기타
[서울우유] 국산우유로 만든 연유 500g,요거트_생크림,5680,500g
[후디스] 그릭 요거트 오리지널 & 저지방 2종 (80g X 4개) (택1),요거트_생크림,6400,80g
[YOZM] 블루베리 콩포트 그릭요거트,요거트_생크림,4900,기타
[풀무원다논] 그릭요거트 설탕무첨가 플레인 400g,요거트_생크림,3980,400g
[그릭오] 말차&홍차 그릭요거트 2종 (택1),요거트_생크림,4800,기타
[상하목장] 유기농 요거트 플레인 저지방 400g,요거트_생크림,3880,400g
[한국야쿠르트] 거꾸로 먹는 야쿠르트 3종,요거트_생크림,2800,기타
[매일] 바이오 그릭요거트 플레인 4개입,요거트_생크림,5180,4개
[서울우유] 더 진한 스위트 플레인 요거트 1.8L,요거트_생크림,7480,8L
[매일] 바이오 요거트 4종 (85g X 4개입),요거트_생크림,3180,85g
[풀무원다논] 마시는 액티비아 딸기블루베리 (130mL X 8개),요거트_생크림,6980,8개
[요플레] ZERO 무당 플레인 요거트 700ml,요거트_생크림,4980,700ml
[풀무원다논] 액티비아 화이트 플레인 (80g X 8개입),요거트_생크림,4280,80g
[유얼거트] 마시는 블루베리 요거트 190mL,요거트_생크림,1920,기타
[한국야쿠르트] 야쿠르트 오리지널 (65mL x 20개),요거트_생크림,4400,20개
[제주아침미소목장] 동물복지 카이막 100g,요거트_생크림,11900,100g
[매일] 바이오 요거트 8개입 (딸기&백도),요거트_생크림,5680,8개
[페이장브레통] 휘핑크림 200ml,요거트_생크림,4800,200ml
[그릭데이] 유자 그릭요거트 100g,요거트_생크림,4050,100g
[상하목장] 유기농 요구르트 플레인 400g,요거트_생크림,3880,400g
[풀무원다논] 액티비아 화이트플레인 (130mL X 8입),요거트_생크림,7280,8입
[서울우유] 요구르트 (65mL X 20개),요거트_생크림,3300,20개
[매일] 바이오 드링킹 요구르트 3종 (250mLX4개) (택1),요거트_생크림,5250,4개
[바른우유연구소] 그릭요거트 플레인 2종 (택1),요거트_생크림,3700,기타
우리집 건강한 망고 요거트 750mL,요거트_생크림,3610,기타
[덴마크] 하이요구르트 (100mL X 10개입),요거트_생크림,3480,10개
[볼비] 두유 플레인 요거트 1L,요거트_생크림,7500,1L
우리집 건강한 딸기 요거트 750mL,요거트_생크림,3800,기타
[신앙촌] 런 요구르트 미니 (93mL X 5개),요거트_생크림,8500,5개
[한국야쿠르트] 야쿠르트 XO 3 ZERO (120mL X 5개입),요거트_생크림,5000,5개
[요플레] 바이오 플레 2종 (130mL X 8개) (택1),요거트_생크림,2700,8개
[요플레] 클래식 (85mL X 4개),요거트_생크림,3980,4개
[코우카키스] 그리스 오리지널 그릭요거트 2종 (택1),요거트_생크림,12640,기타
[한국야쿠르트] 메치니코프 2종 (140mL x 4개입),요거트_생크림,5600,4개
[풀무원다논] 그릭요거트 플레인 400g,요거트_생크림,3980,400g
[파스퇴르] 바른목장 요구르트 (100mL X 5개),요거트_생크림,2500,5개
[벨지오이오소] 부라타 치즈 226g,자연치즈,17900,226g
[상하치즈] 모짜렐라 슈레드 치즈 2종(택1),자연치즈,9590,기타
[아그리폼] 그라나 파다노 그라인더,자연치즈,13980,기타
[알라] 슬라이스 치즈 3종,자연치즈,6780,기타
[일드프랑스] 미니 브리 (25g X 5개입),자연치즈,10580,25g
[필라델피아] 크림치즈 플레인 190g,자연치즈,5490,190g
[유로포멜라] 부라타 치즈 100g (냉동) (택2종),자연치즈,5800,100g
[벨지오이오소] 모짜렐라 로그 슬라이스 226g,자연치즈,10965,226g
[상하치즈] 리코타치즈 150g,자연치즈,4990,150g
[벨지오이오소] 모짜렐라 스낵팩 170g,자연치즈,10900,170g
[이스트밸리] 목초먹은 우유로 만든 모짜렐라 피자치즈 240g,자연치즈,6282,240g
[벨지오이오소] 부라타 치즈 113g,자연치즈,9200,113g
[페이장브레통] 르 브리 치즈 125g,자연치즈,5500,125g
[무르젤라] 이탈리아 부라타 120g (냉장),자연치즈,8640,120g
[벨지오이오소] 모짜렐라 로그 453g,자연치즈,18900,453g
[프로밀크] 터키 카이막 크림치즈 180g,자연치즈,9900,180g
[김소영 아티장의 안단테] 리브와레 자카망 콩테 200g 3종,자연치즈,18320,200g
[파르네세] 파르미지아노 레지아노 150g,자연치즈,9700,150g
[알라] 포션 크림치즈 6개입,자연치즈,3900,6개
[김소영 아티장의 안단테] 벨레트왈 크리미 슬라이스,자연치즈,12500,기타
[카페마마스] 시그니처 리코타 치즈,자연치즈,12900,기타
[밀라] 마스카포네 치즈,자연치즈,7990,기타
[카스텔로] 덴마크 브리 치즈 125g,자연치즈,6100,125g
[포비베이글] 크림치즈 100g 5종(택1),자연치즈,6500,100g
[알라] 크림치즈 150g 2종,자연치즈,4200,150g
[보꼬네] 모짜렐라 보코치니 100g,자연치즈,4980,100g
[김소영 아티장의 안단테] 랑세 브리야 사바랭,자연치즈,25000,기타
[올레길] 제주 전용목장 명품우유 900mL,자연치즈,2950,기타
[그라나롤로] 부라타 치즈 100g (냉동),자연치즈,5980,100g
[임실치즈] 임실구워먹는치즈 250g,자연치즈,13500,250g
[파르네세] 그라나 파다노,자연치즈,7620,기타
[프란시아] 리코타 치즈 250g,자연치즈,6400,250g
[치즈온] 스페인 크림치즈 3종,자연치즈,3900,기타
[벨지오이오소] 모짜렐라 펄 226g,자연치즈,10965,226g
[아그리폼] 그라나 파다노 스포리아 그라인더,자연치즈,13980,기타
[아그리폼] 파르미지아노 레지아노 스낵 치즈 100g,자연치즈,8800,100g
[콜리오스] 페타 치즈,자연치즈,8480,기타
[브렐렛] 모짜렐라 카우 125g,자연치즈,6300,125g
[올레길] 제주 모짜렐라 자연치즈 300g,자연치즈,10800,300g
[페이장브레통] 에멘탈 치즈 2종,자연치즈,6900,기타
[테트 드 무안] AOP 수도사 치즈,자연치즈,17900,기타
[덴마크] 후레쉬 모짜렐라 미니 125g,자연치즈,6980,125g
[아그리폼] 페코리노 로마노,자연치즈,11500,기타
[일드프랑스] 노르망탈 슬라이스 치즈 150g,자연치즈,9980,150g
[벨지오이오소] 리코타 치즈 453g,자연치즈,14000,453g
[Kiri] 끼리 크림치즈 스프레드 2종 (택1),자연치즈,6950,기타
[만토바] 파르미지아노 레지아노 22개월,자연치즈,10710,22개
[일드프랑스] 아페리프레 스낵 치즈 2종,자연치즈,4990,기타
[올림푸스] 그리스 페타 치즈,자연치즈,7800,기타
[쁘띠구르망] 4프로마쥬 슈레드 치즈 500g,자연치즈,9900,500g
[델리지오사] 부라타 치즈 125g (냉장),자연치즈,8600,125g
[아그리폼] 그라나 파다노 스낵 치즈 100g,자연치즈,8600,100g
[김소영 아티장의 안단테] 사토리 에스프레소 벨라비타노,자연치즈,13900,기타
[몬타나리] 파르미지아노 레지아노 40개월,자연치즈,20580,40개
[김소영 아티장의 안단테] 벨레트왈 투르 드 파리 브리,자연치즈,14500,기타
[김소영 아티장의 안단테] 랑세 델리스 드 부르고뉴,자연치즈,23600,기타
[캐시밸리] 미국 전통 치즈 4종,자연치즈,6500,기타
[만토바] 그라나 파다노,자연치즈,8900,기타
[올레길] 제주 모짜렐라 자연치즈 100g,자연치즈,3680,100g
[베이비벨] 오리지널 미니 치즈 5개입,자연치즈,7980,5개
[달몰리스] 이탈리아 부라타 125g (냉동),자연치즈,6500,125g
[프란시아] 모짜렐라 카우 125g,자연치즈,5300,125g
[티네] 노르웨이 브라운 치즈 3종 (택1),자연치즈,9800,기타
[제주 성이시돌목장] 유기농 후레쉬 미니 모짜렐라 치즈 120g,자연치즈,9900,120g
[하드] 그뤼에르 200g,자연치즈,13490,200g
[콘퀴스타] 부라타 치즈 120g (냉동),자연치즈,6660,120g
[프리코] 미니 에담&고다 치즈 2종,자연치즈,5900,기타
[갈바니] 후레쉬 모짜렐라 로그 슬라이스 453g,자연치즈,17800,453g
생 앙드레,자연치즈,19300,기타
[나투라신체라] 미니모짜렐라 120g,자연치즈,5900,120g
[콜롬보] 리코타 250g,자연치즈,8000,250g
[덴마크] 리코타 치즈 150g,자연치즈,5980,150g
[벨지오이오소] 블랙트러플 부라타 226g,자연치즈,17900,226g
[브리미] 모짜렐라 카우,자연치즈,6120,기타
[프리코] 스모크 치즈 2종,자연치즈,3900,기타
[파르네세] 파르미지아노 레지아노 24개월,자연치즈,11600,24개
[르갈] 브르타뉴 크림치즈 3종,자연치즈,7600,기타
[일드프랑스] 쁘띠 브리 125g,자연치즈,10480,125g
[더치 마스터피스] 고다치즈 2종,자연치즈,10500,기타
[김소영 아티장의 안단테] 사토리 샤도네이 벨라비타노,자연치즈,13700,기타
[벨지오이오소] 파마산 스낵팩 170g,자연치즈,10900,170g
[장페린] 프랑스 콩테 치즈 2종,자연치즈,17980,기타
[벨지오이오소] 10개월 숙성 파마산 웻지 142g,자연치즈,8900,10개
[갈바니] 홀밀크 리코타 치즈 425g,자연치즈,12800,425g
[브리에뜨] 독일 브리 치즈 4종 (택1),자연치즈,7500,기타
[벨지오이오소] 프로볼론 치즈 스낵팩 170g,자연치즈,10900,170g
[램노스] 화이트 샐러드 치즈 180g,자연치즈,7900,180g
[Kiri] 끼리 크림 치즈 블럭 200g,자연치즈,8400,200g
[바버] 1833 체다 치즈,자연치즈,13900,기타
[빔스터] 110년 전통 고다치즈 3종,자연치즈,7830,기타
[벨지오이오소] 리코타 미니컵 142g,자연치즈,6900,142g
[소렌티나] 부라타 치즈 125g (냉동),자연치즈,5900,125g
[앙트르몽] 에멘탈 치즈,자연치즈,4800,기타
[브리미] 리코타 치즈 250g,자연치즈,8820,250g
[암브로시] 유기농 파르미지아노 레지아노,자연치즈,13900,기타
[엠보그] 냉동 브리 치즈 125g,자연치즈,6900,125g
[서울우유 x 마켓컬리] 치즈다운 치즈 13매,가공치즈,3980,기타
[빙그레] 모짜렐라 피자치즈 2종(택1),가공치즈,6780,기타
[상하치즈] 유기농 아이치즈 3종 (10매입/20매입) (택1),가공치즈,10990,기타
[상하치즈] 모짜렐라 슈레드 치즈 2종(택1),가공치즈,9590,기타
[포비베이글] 크림치즈 200g 8종(택1),가공치즈,8990,200g
[서울우유] 체다 슬라이스 치즈 270g 2개입,가공치즈,10980,270g
[프리코] 슬라이스 치즈 4종,가공치즈,5800,기타
[이스트밸리] 목초먹은 우유로 만든 모짜렐라 피자치즈 240g,가공치즈,6282,240g
[일드프랑스] 브리 슬라이스 150g,가공치즈,11500,150g
[필라델피아] 포션 크림치즈,가공치즈,3995,기타
[연세우유] 100% 자연 치즈 스트링,가공치즈,8980,기타
[마담로익] 크림치즈 3종,가공치즈,11900,기타
[크래프트] 슈레드 모짜렐라 치즈 226g,가공치즈,8980,226g
[덴마크] 유기농 자연방목 아기치즈 2종,가공치즈,4900,기타
[상하치즈] 샐러드용 슈레드 치즈 210g,가공치즈,6990,210g
[상하치즈] 유기농 어린이 고칼슘치즈 (10매입/20매입) (택1),가공치즈,10990,기타
[서울우유 x 마켓컬리] 치즈다운 치즈 고칼슘&고단백 13매,가공치즈,4212,기타
[상하] 더블업 체다 슬라이스 10매입,가공치즈,8300,기타
[앙팡] 유기농 아기치즈 2종(20매입),가공치즈,8200,기타
[램노스] 과일치즈 5종,가공치즈,5500,기타
[크래프트] 슈레드 파마산 치즈 170g,가공치즈,8980,170g
[서울우유] 슈레드 모짜렐라 300g,가공치즈,8780,300g
[크래프트] 슈레드 멕시칸 포치즈 226g,가공치즈,7490,226g
[서울우유] 쭈욱 늘어나는 체다치즈 8매입,가공치즈,4790,기타
[치즈온] 스페인 크림치즈 3종,가공치즈,3900,기타
[밀크치즈랜드] 우유 100% 스트링 치즈 10+1,가공치즈,7980,기타
[마담로익] 크림치즈 플레인 포션 (20g X 6입),가공치즈,8500,20g
[크래프트] 슈레드 트리플 체다 치즈 226g,가공치즈,7490,226g
[덴마크] 인포켓 치즈 오리지널,가공치즈,5580,기타
[영준목장] 스트링 치즈,가공치즈,11000,기타
[올레길] 제주 모짜렐라 스트링 치즈 (100g X 2입),가공치즈,8900,100g
[상하치즈] 지방을 낮춘 고단백 치즈 270g,가공치즈,7980,270g
[올레길] 제주 슈레드 모짜렐라 치즈 (100g X 3입),가공치즈,9800,100g
[앙투어솔레] 아이리쉬 그릴링 치즈,가공치즈,18900,기타
[상하] 더블업 모짜렐라 슬라이스,가공치즈,9980,기타
[연세우유] 슈레드 모짜렐라&체다 치즈,가공치즈,6600,기타
[크래프트] 파마산 치즈 227g,가공치즈,10900,227g
[상하] 체다 슬라이스 10매입,가공치즈,6500,기타
[래핑카우] 벨큐브 24큐브 치즈 3종,가공치즈,9980,기타
[치즈문] 크래커 컷 버라이어티 팩 치즈,가공치즈,9480,기타
[임실치즈] 임실 스트링 치즈 10매입,가공치즈,12800,기타
[스위트몬스터] 5가지 치즈로 만든 슈레드 800g,가공치즈,13500,800g
[이스트밸리] 목초먹은 우유로 만든 스트링 치즈 200g,가공치즈,8010,200g
[상하치즈] 뼈로가는 칼슘 치즈 15매입,가공치즈,7980,기타
[제주성이시돌목장] 모짜렐라 슬라이스 치즈(20g x 5개입),가공치즈,5600,20g
[치즈문] 크림치즈 3종,가공치즈,6980,기타
[임실치즈] 스모크 치즈 64g,가공치즈,5500,64g
[올레길] 제주 모짜렐라 슬라이스 100g,가공치즈,3380,100g
[남양] 드빈치 자연방목 체다 치즈 (15+5매),가공치즈,7320,기타
[프레지덩] 과일 치즈 4종,가공치즈,4900,기타
[Kiri] 끼리 딥앤크런치 통밀,가공치즈,5740,기타
[티네] 얄스버그 슬라이스 치즈 120g,가공치즈,6900,120g
[제주성이시돌목장] 유기농 스트링치즈(18g x 5개입),가공치즈,11000,18g
[올덴버거] 독일 슬라이스 치즈 4종,가공치즈,5900,기타
[래핑카우] 벨큐브 플레인 15큐브 치즈,가공치즈,5530,기타
[Kiri] 끼리 딥앤크런치 플레인,가공치즈,6990,기타
[오가닉밸리] 유기농 크림 치즈,가공치즈,14800,기타
[농협] 임실 구워먹는 치즈 2종,가공치즈,8800,기타
[치즈문] 큐브 스낵 치즈 3종,가공치즈,4480,기타
[마루이치] 치즈타라 85g,가공치즈,12980,85g
[CnF] 대파&베이컨 크림치즈 100g,가공치즈,4980,100g
[빙그레] 프로틴 스트링 치즈 (20g x 10개),가공치즈,13980,20g
[드빈치] 자연방목 유기농 아기치즈 2종 (10매입),가공치즈,6480,기타
[덴마크] 구워먹는 치즈 오리지널 125g,가공치즈,8390,125g
[올레길] 슈레드 눈꽃치즈 300g,가공치즈,9300,300g
[폴스] 크림치즈 오리지널 140g,가공치즈,3900,140g
[쁘띠구르망] 그라나파다노 눈꽃 슈레드,가공치즈,10900,기타
[쉬즈] 비건 슬라이스 치즈 2종,가공치즈,13800,기타
[래핑카우] 벨큐브 스페니쉬 미니 24큐브 치즈,가공치즈,8990,기타
[요루코글루] 카이막 치즈 180g,가공치즈,8900,180g
[덴마크] 신선한 국산 원유로 만든 모짜렐라 피자치즈 280g,가공치즈,8810,280g
[엘로이] 미국 포션 크림치즈 (28g X 20개입),가공치즈,13500,28g
[크래프트] 슈레드 이탈리안 파이브 잭 치즈,가공치즈,7490,기타
[서울우유] 앙팡치즈 까요까요 3종,가공치즈,4580,기타
[픽앤치즈] 미니 치즈 플래터 222g,가공치즈,13900,222g
[농협] 임실 스트링 치즈 200g,가공치즈,12900,200g
[제르미] 독일 스모크 치즈 2종,가공치즈,3600,기타
[Kraft] 크림치즈스프레드 4종 (택1),가공치즈,7980,기타
[이즈니] 미몰레뜨 슬라이스 치즈 150g,가공치즈,11800,150g
[Kiri] 끼리 딥앤크런치 블루베리,가공치즈,5740,기타
[치즈문] 트러플 스트링치즈 (20g X 5개입),가공치즈,5980,20g
[임실치즈] 짜먹는 크림치즈 200g,가공치즈,6980,200g
[크래프트] 슈레드 몬터레이 잭 치즈,가공치즈,7490,기타
[알미토] 체리페퍼 위드 크림치즈,가공치즈,9500,기타
[베이비벨] 미니 베이비벨 프로틴 치즈 5개입,가공치즈,6490,5개
[복음자리] 식물성 블루베리 크림치즈 190g,가공치즈,7200,190g
[카스텔로] 덴마크 휩트 크림치즈 2종,가공치즈,5200,기타
[쉬즈] 비건 모짜렐라 슈레드 치즈 200g,가공치즈,16800,200g
[앙팡] 어린이 치즈 10매입,가공치즈,5980,기타
[해피카우] 오스트리아 체다&모짜렐라 슬라이스 치즈 2종,가공치즈,3990,기타
[덴마크] 산양프로틴 고단백 치즈 220g,가공치즈,7640,220g
[서울우유] 고소하고 부드러운 고단백 치즈 10매입,가공치즈,5280,기타
[프레지덩] 마이딥 스프레더블 치즈 2종,가공치즈,8980,기타
[임실치즈마을] 리코타치즈 150g,가공치즈,6300,150g
[쁘띠구르망] 이탈리안 그레이티드 치즈 227g,가공치즈,8900,227g
[몽블랑] 큐브 치즈 4종,가공치즈,6980,기타
[라콩비에트] AOP 가염버터 (15gx10개입),버터,16000,15g
[라콩비에트] AOP 비가염버터 (15gx10개입),버터,16000,15g
[이즈니] AOP 버터 2종,버터,11880,기타
[이즈니] 포션 버터 가염 (10g X 20개입),버터,13480,10g
[라콩비에트] AOP 가염 버터 (15gX30개입),버터,39980,15g
[페이장 브레통] 포켓버터 3종 (10g x 20개입),버터,10500,10g
[파오리] 이탈리아 포션 버터 2종,버터,7450,기타
[프레지덩] 포션 버터 무염 (10g X 20개입),버터,10980,10g
[베피노 오첼리] 무염버터,버터,12800,기타
[프레지덩] 프랑스 버터 2종,버터,7980,기타
[라콩비에트] AOP 비가염 버터 (15gX30개입),버터,39980,15g
[서울우유] 국산우유로 만든 버터 240g,버터,6980,240g
[아스투리아나] 포션 버터 12개입,버터,4100,12개
[앵커] 무염 버터 454g,버터,10600,454g
[프리차드] 노르망디 버터 2종,버터,7500,기타
[에쉬레] 프랑스 AOP 포션 버터 가염 (20g X 5개입),버터,10900,20g
[에쉬레] 프랑스 AOP 가염 버터 100g,버터,9000,100g
[루어팍] 포션 버터 가염 (10g X 18개입),버터,12300,10g
[이즈니] 냉동 포션 버터 2종 (10g X 20개입),버터,11800,10g
[GHEE EASY] 네덜란드 유기농 기버터 245g,버터,19500,245g
[프레지덩] 포션 버터 가염 (10g X 20개입),버터,10980,10g
[페이장브레통] 비가염 버터 500g,버터,13800,500g
[룩트] 요리용 버터 3종(택1),버터,10500,기타
[무스] 메이플 버터 150g,버터,9800,150g
[르갈] 브르타뉴 버터 2종,버터,7600,기타
[서울우유] 국산 유크림 100% 무염 버터 450g,버터,11580,450g
[페이장브레통] 포켓버터 무염 1kg (10gx100개입),버터,33000,1kg
[라르사] 스페인 유산균 버터 2종,버터,7900,기타
[앵커] 무염 버터 227g,버터,7980,227g
[파오리] 유기농 포션 버터 (12.5gX10개입),버터,9400,5g
[루어팍] 덴마크 버터 2종,버터,9400,기타
[르므니에] 수제 가염 버터 100g,버터,20000,100g
[네더랜드 팜] 글로스터셔 가염 버터,버터,12900,기타
[꼬떵땅 이즈니] AOP 포션 버터 2종 (25gX8),버터,11900,25g
[엘엔비르] 고메버터 2종,버터,9980,기타
[르므니에] 수제 무염 버터 100g,버터,20000,100g
[이즈니] 유기농 버터 2종,버터,8900,기타
[이즈니] 게랑드 씨솔트 처닝버터 250g,버터,9810,250g
[브리델] 프랑스 브르타뉴 버터 2종,버터,6990,기타
[서울우유] 아침에 버터 200g,버터,4980,200g
[김소영 아티장의 안단테] 프랑스 레오 버터 2종,버터,15215,기타
[오가닉밸리] 미국 유기농 버터 2종,버터,24900,기타
[이즈니] 롤 버터 무염 500g (냉동),버터,17800,500g
[상하목장] 슬로우 버터 2종 (택1),버터,8870,기타
[꼬떵땅 이즈니] AOP 버터 2종 250g,버터,11900,250g
[김소영 아티장의 안단테] 시에라 네바다 그래지어 가염 버터,버터,16900,기타
[르므니에] 수제 해초 버터 100g,버터,20000,100g
[모나미] 프렌치 버터 2종 (냉동),버터,6300,기타
[르므니에] 수제 바이킹 소금 버터 100g,버터,20000,100g
[브라잘르] 알프스 냉동 포션 버터 (10g X 30개입),버터,11800,10g
[르므니에] 수제 고추 버터 100g,버터,20000,100g
[버터팬트리] 허니 바닐라 버터 100g,버터,13000,100g
[르므니에] 수제 후추 버터 100g,버터,20000,100g
[베러버터] 미국 플레이버 버터 3종,버터,7900,기타
[오뚜기] 식물성 마가린 200g,버터,2580,200g
[알라] 덴마크 무염 버터 400g,버터,12600,400g
[파스쿠알] 스페인 포션 버터 무염 (10g X12개입),버터,6980,10g
[남양] 드빈치 버터 450g,버터,10980,450g
[테이블랜드] 식물성 버터리 스프레드 500g,버터,5900,500g
[버터팬트리] 깨소금 갈릭 버터 100g,버터,13000,100g
[왓어버터] 애플시나몬 버터 스프레드 130g,버터,11900,130g
[남양] 드빈치 스프레더블 버터 200g,버터,6300,200g
[이즈니] 포션 버터 무염 (10g X 20개입),버터,13480,10g
[오가닉밸리] 유기농 기버터 212g,버터,22400,212g
[왓어버터] 망고 버터 스프레드 130g,버터,11900,130g
[파오리] 락토프리 버터 (12.5g X 10개입),버터,8010,5g
[왓어버터] 카야 버터 스프레드 130g,버터,11900,130g
[이즈니] 냉동 대용량 포션 버터 2종,버터,26900,기타
