이름,카테고리,가격,단위,정규이름
[KF365] 햇 감자 1kg,채소,3990,1kg,[kf365]햇감자
햇 양파 1.5kg,채소,3990,5kg,햇양파1.
[KF365] 다다기오이 3입,채소,3990,3입,[kf365]다다기오이
한통 양배추,채소,3990,기타,한통양배추
[KF365] 애호박 1개,채소,1590,1개,[kf365]애호박
알배기 배추 1봉,채소,2990,1봉,알배기배추
[바름] 영암 친환경 꿀고구마 1.5kg,채소,6990,5kg,[바름]영암친환경꿀고구마1.
싱그러운 유러피안 샐러드믹스 2종,채소,3890,기타,싱그러운유러피안샐러드믹스2종
[KF365] 파프리카 2입,채소,2390,2입,[kf365]파프리카
깐대파 500g,채소,2990,500g,깐대파
[KF365] 브로콜리 1입,채소,3290,1입,[kf365]브로콜리
[KF365] 무농약 국산콩 콩나물 300g,채소,1490,300g,[kf365]무농약국산콩콩나물
친환경 당근 500g,채소,4490,500g,친환경당근
와일드 루꼴라 50g,채소,2511,50g,와일드루꼴라
[KF365] 새송이버섯 400g,채소,2990,400g,[kf365]새송이버섯
[KF365] 팽이버섯 2입,채소,1490,2입,[kf365]팽이버섯
친환경 오이 2입,채소,2691,2입,친환경오이
[KF365] 친환경 표고버섯 300g,채소,3990,300g,[kf365]친환경표고버섯
[KF365] 햇 양파 1.8kg,채소,5490,8kg,[kf365]햇양파1.
[KF365] 무 1통,채소,2490,기타,[kf365]무1통
천안 아우내 오이 5입,채소,4041,5입,천안아우내오이
[KF365] 청양고추 200g,채소,2390,200g,[kf365]청양고추
제주도 친환경 한통 양배추,채소,6290,기타,제주도친환경한통양배추
[KF365] 깐마늘 200g,채소,3990,200g,[kf365]깐마늘
햇 양파 900g,채소,3990,900g,햇양파
친환경 시금치 200g,채소,2990,200g,친환경시금치
양상추 1입,채소,2190,1입,양상추
[KF365] 부추 200g,채소,1990,200g,[kf365]부추
조각 양배추 500g,채소,2990,500g,조각양배추
[KF365] 가지 2입,채소,2190,2입,[kf365]가지
한끼 감자 300g,채소,2990,300g,한끼감자
[KF365] 깻잎 30g,채소,1490,30g,[kf365]깻잎
[KF365] 흙대파 1단 850g,채소,2690,850g,[kf365]흙대파1단
청경채 300g,채소,2490,300g,청경채
[KF365] 호박고구마 800g,채소,5990,800g,[kf365]호박고구마
더 달콤한 무농약 숙성 고구마 1.5kg,채소,7990,5kg,더달콤한무농약숙성고구마1.
마늘 100% 다진마늘 500g,채소,7990,500g,마늘100%다진마늘
[풀무원] 특등급 국산콩 무농약 콩나물 340g,채소,2590,340g,[풀무원]특등급국산콩무농약콩나물
친환경 햇 양파 500g,채소,3141,500g,친환경햇양파
[풀무원] 다진마늘 2종,채소,5990,기타,[풀무원]다진마늘2종
[KF365] 참타리 버섯 200g,채소,990,200g,[kf365]참타리버섯
친환경 애호박 1개,채소,1990,1개,친환경애호박
친환경 깐 양파 200g,채소,2990,200g,친환경깐양파
친환경 브로콜리 1개,채소,5490,1개,친환경브로콜리
친환경 햇 양파 1kg,채소,4490,1kg,친환경햇양파
샐러드 채소믹스 1kg,채소,8890,1kg,샐러드채소믹스
파로(엠머밀)500g,채소,10900,500g,파로(엠머밀)
믹스 샐러드 4종,채소,3340,기타,믹스샐러드4종
[풀무원] SOGA 아삭숙주 350g,채소,1890,350g,[풀무원]soga아삭숙주
한끼 깐마늘 100g,채소,2490,100g,한끼깐마늘
깐마늘 1kg,채소,12510,1kg,깐마늘
경기 시금치 200g,채소,1990,200g,경기시금치
양송이버섯 140g,채소,3490,140g,양송이버섯
친환경 감자 600g,채소,4990,600g,친환경감자
[KF365] 냉동 다진 마늘 300g,채소,6990,300g,[kf365]냉동다진마늘
깐쪽파 200g,채소,3990,200g,깐쪽파
국내산 햇 마늘종 2종,채소,5290,기타,국내산햇마늘종2종
[KF365] 청상추 150g,채소,1790,150g,[kf365]청상추
청도 미나리 300g,채소,4990,300g,청도미나리
[피그인더가든] 프레쉬믹스 베이직샐러드,채소,2190,기타,[피그인더가든]프레쉬믹스베이직샐러드
상주 흑침 오이 5입,채소,4490,5입,상주흑침오이
[KF365] 밤고구마 800g,채소,4491,800g,[kf365]밤고구마
[제각각] 다다기오이 7입,채소,4990,7입,[제각각]다다기오이
햇 양파 3kg,채소,7990,3kg,햇양파
[김구원선생] 장수 콩나물 600g,채소,1990,600g,[김구원선생]장수콩나물
친환경 버터헤드레터스,채소,3390,기타,친환경버터헤드레터스
바로 데워먹는 야채찜1kg,채소,12290,1kg,바로데워먹는야채찜
친환경 양배추 슬라이스 300g,채소,3640,300g,친환경양배추슬라이스
친환경 깻잎 100g,채소,3990,100g,친환경깻잎
밀양 햇 흙당근 1kg,채소,3591,1kg,밀양햇흙당근
[바름팜] 친환경 채소믹스 샐러드 500g(250g*2봉),채소,6790,500g,[바름팜]친환경채소믹스샐러드(*)
한끼 당근,채소,2190,기타,한끼당근
채소믹스 500g,채소,5290,500g,채소믹스
GAP 장수 숙주나물 200g,채소,1490,200g,gap장수숙주나물
[KF365] 포기로메인 300g,채소,3390,300g,[kf365]포기로메인
상추&깻잎 간편쌈 120g,채소,2990,120g,상추&깻잎간편쌈
흙대파 1.2kg,채소,1990,2kg,흙대파1.
감자 2kg,채소,10710,2kg,감자
표고버섯 100g,채소,2990,100g,표고버섯
미나리 250g,채소,3990,250g,미나리
국산 완두콩 500g,채소,7990,500g,국산완두콩
미니 파프리카 200g,채소,4990,200g,미니파프리카
미니오이 5입,채소,2990,5입,미니오이
[김구원선생] 무농약 숙주나물 200g,채소,2190,200g,[김구원선생]무농약숙주나물
파프리카 4입/봉,채소,5990,4입,파프리카/봉
친환경 손질한 잎몸 대파 200g,채소,3591,200g,친환경손질한잎몸대파
한입 꿀고구마 1kg,채소,4990,1kg,한입꿀고구마
친환경 조각 양배추 400g,채소,3490,400g,친환경조각양배추
베이비 아스파라거스 100g,채소,5790,100g,베이비아스파라거스
[저스트그린] 데일리 샐러드 4종,채소,1776,기타,[저스트그린]데일리샐러드4종
뉴질랜드 단호박 1통,채소,3990,기타,뉴질랜드단호박1통
친환경 브라운 양송이 150g,채소,3990,150g,친환경브라운양송이
이탈리안 루꼴라 샐러드믹스 2종,채소,4990,기타,이탈리안루꼴라샐러드믹스2종
[제각각] 양송이버섯 300g,채소,4490,300g,[제각각]양송이버섯
친환경 당근채 200g,채소,3590,200g,친환경당근채
꿀 밤고구마 3kg,채소,14900,3kg,꿀밤고구마
당도선별 성주 참외 1.5kg (4~7입),과일_견과_쌀,10900,5kg,당도선별성주참외1.(4~)
[KF365] 국산 블루베리 200g (특),과일_견과_쌀,12900,200g,[kf365]국산블루베리(특)
[KF365] 대추방울토마토 750g,과일_견과_쌀,6990,750g,[kf365]대추방울토마토
세척사과 1.4kg (6~7입),과일_견과_쌀,14900,4kg,세척사과1.(6~)
성주 꼬마 참외 900g (5~8입),과일_견과_쌀,9990,900g,성주꼬마참외(5~)
[퓨어스펙] 블랙라벨 고당도 오렌지 1.5kg (8입),과일_견과_쌀,8990,5kg,[퓨어스펙]블랙라벨고당도오렌지1.()
[KF365] 당도선별 수박 4kg 이상,과일_견과_쌀,24900,4kg,[kf365]당도선별수박이상
국산 블루베리 100g (특),과일_견과_쌀,7990,100g,국산블루베리(특)
[Dole] 스위티오 바나나 2종,과일_견과_쌀,4990,기타,[dole]스위티오바나나2종
땅끝 해남 쌀 10kg,과일_견과_쌀,32900,10kg,땅끝해남쌀
[KF365] 실속 바나나 1kg 2종,과일_견과_쌀,3990,1kg,[kf365]실속바나나2종
[일일특가] 스테비아 대추방울토마토 1kg,과일_견과_쌀,9990,1kg,[일일특가]스테비아대추방울토마토
고랭지 햇사과 1.3kg (4~6입),과일_견과_쌀,19900,3kg,고랭지햇사과1.(4~)
냉동 칠레산 블루베리 1kg,과일_견과_쌀,9990,1kg,냉동칠레산블루베리
14brix 못생겨도 맛있는 사과 1.5kg,과일_견과_쌀,19900,5kg,14brix못생겨도맛있는사과1.
스테비아 대추방울토마토 450g,과일_견과_쌀,7990,450g,스테비아대추방울토마토
완숙토마토 1kg,과일_견과_쌀,7990,1kg,완숙토마토
[KF365] 유명산지 고당도사과 1.5kg (5~6입),과일_견과_쌀,25900,5kg,[kf365]유명산지고당도사과1.(5~)
7일 향미 8kg,과일_견과_쌀,35900,8kg,7일향미
7일 향미 4kg,과일_견과_쌀,19900,4kg,7일향미
대저 토마토 1kg,과일_견과_쌀,13900,1kg,대저토마토
[KF365] 당도선별 수박 5kg 이상,과일_견과_쌀,29900,5kg,[kf365]당도선별수박이상
[제스프리] 뉴질랜드 점보 썬골드키위 750g (5입/대과) (후숙필요),과일_견과_쌀,8990,750g,[제스프리]뉴질랜드점보썬골드키위(/대과)(후숙필요)
[KF365] 기본에 충실한 하루견과(20g*14봉),과일_견과_쌀,11900,20g,[kf365]기본에충실한하루견과(*)
[대한제일미] 서산 간척지 시월미소미 쌀10kg,과일_견과_쌀,29900,10kg,[대한제일미]서산간척지시월미소미쌀
[Dole] 페루 아보카도 1kg (4~7입),과일_견과_쌀,9990,1kg,[dole]페루아보카도(4~)
[KF365] 완숙토마토 2kg,과일_견과_쌀,9990,2kg,[kf365]완숙토마토
고랭지 부사 사과 3kg(12입),과일_견과_쌀,39900,3kg,고랭지부사사과()
바로먹는 아보카도 3입,과일_견과_쌀,10900,3입,바로먹는아보카도
[제스프리] 뉴질랜드 골드키위 1.1kg (8~10입) (후숙필요),과일_견과_쌀,9990,1kg,[제스프리]뉴질랜드골드키위1.(8~)(후숙필요)
[cutie] 미국산 만다린 800g,과일_견과_쌀,9990,800g,[cutie]미국산만다린
친환경 대추방울토마토 500g,과일_견과_쌀,6990,500g,친환경대추방울토마토
무농약 마틸다 토마토 1kg,과일_견과_쌀,11900,1kg,무농약마틸다토마토
냉동 유기농 블루베리 700g (미국산),과일_견과_쌀,12900,700g,냉동유기농블루베리(미국산)
[KF365] 머스크멜론 1.6kg,과일_견과_쌀,11900,6kg,[kf365]머스크멜론1.
[MPARK] 미국산 블랙라벨 네이블 오렌지 1kg (5~6입),과일_견과_쌀,6990,1kg,[mpark]미국산블랙라벨네이블오렌지(5~)
[KF365] 컷팅파인애플 1kg,과일_견과_쌀,12900,1kg,[kf365]컷팅파인애플
[스윗볼] 스테비아 토마토 3종,과일_견과_쌀,7990,기타,[스윗볼]스테비아토마토3종
[KF365] 친환경 블루베리 200g (특),과일_견과_쌀,14900,200g,[kf365]친환경블루베리(특)
미국산 캘리포니아 생체리 300g (10row),과일_견과_쌀,12900,300g,미국산캘리포니아생체리(10row)
[스미후루] 감숙왕 바나나 2종,과일_견과_쌀,4990,기타,[스미후루]감숙왕바나나2종
당도선별 한라봉 1kg (3~5입),과일_견과_쌀,15900,1kg,당도선별한라봉(3~)
[KF365] 방울토마토 500g,과일_견과_쌀,5990,500g,[kf365]방울토마토
달보드레쌀 4kg,과일_견과_쌀,14900,4kg,달보드레쌀
씻어나온 완전미 고시히카리 쌀 4kg,과일_견과_쌀,18900,4kg,씻어나온완전미고시히카리쌀
[Dole] 스위티오 파인애플 슬라이스 540g,과일_견과_쌀,9990,540g,[dole]스위티오파인애플슬라이스
델라웨어 포도 200g,과일_견과_쌀,10900,200g,델라웨어포도
[KF365] 아보카도 (1개),과일_견과_쌀,3390,1개,[kf365]아보카도()
친환경 블루베리 300g (상),과일_견과_쌀,19900,300g,친환경블루베리(상)
무농약 대저 짭짤이 토마토 600g (2S-M),과일_견과_쌀,15900,600g,무농약대저짭짤이토마토(2s-m)
친환경 블루베리 100g (특),과일_견과_쌀,9900,100g,친환경블루베리(특)
GAP 대추방울토마토 1kg,과일_견과_쌀,10900,1kg,gap대추방울토마토
벌이 수정한 퇴촌 토마토 2종,과일_견과_쌀,9990,기타,벌이수정한퇴촌토마토2종
임금님표 이천쌀 알찬미 쌀 10kg,과일_견과_쌀,47400,10kg,임금님표이천쌀알찬미쌀
구운 아몬드 500g,과일_견과_쌀,10210,500g,구운아몬드
유기농 혼합 9곡 800g (콩없는 혼합 잡곡),과일_견과_쌀,7990,800g,유기농혼합9곡(콩없는혼합잡곡)
[HBAF] 매일 색다른 먼투썬 하루견과 2주 (20gX14봉),과일_견과_쌀,12900,20g,[hbaf]매일색다른먼투썬하루견과2주(x)
[대한제일미] 서산 간척지 시월미소미 쌀 4kg,과일_견과_쌀,13900,4kg,[대한제일미]서산간척지시월미소미쌀
대왕님표여주쌀(진상) 10kg,과일_견과_쌀,47400,10kg,대왕님표여주쌀(진상)
유기농 바나나 500g,과일_견과_쌀,3790,500g,유기농바나나
냉동 아보카도 500g (페루산),과일_견과_쌀,7990,500g,냉동아보카도(페루산)
GAP 레드칸 토마토 1kg,과일_견과_쌀,8990,1kg,gap레드칸토마토
영광 신동진 쌀 10kg,과일_견과_쌀,38900,10kg,영광신동진쌀
가바(GABA) 대추방울토마토 500g,과일_견과_쌀,6990,500g,가바(gaba)대추방울토마토
파로(엠머밀)500g,과일_견과_쌀,10900,500g,파로(엠머밀)
유기농 찰토마토 2kg,과일_견과_쌀,23900,2kg,유기농찰토마토
카라향 1kg (4~9입),과일_견과_쌀,11900,1kg,카라향(4~)
[Dole] 필리핀 아보카도 1kg (4~7입),과일_견과_쌀,14900,1kg,[dole]필리핀아보카도(4~)
[스미후루] 순 유기농 바나나 2종,과일_견과_쌀,3990,기타,[스미후루]순유기농바나나2종
냉동 블루베리 1.5kg (미국산),과일_견과_쌀,16900,5kg,냉동블루베리1.(미국산)
주스용 실속 사과 2kg,과일_견과_쌀,17900,2kg,주스용실속사과
루비벨 토마토 750g,과일_견과_쌀,9990,750g,루비벨토마토
무농약 토마토 1kg,과일_견과_쌀,9990,1kg,무농약토마토
유기농 담음 신동진 쌀 4kg,과일_견과_쌀,19700,4kg,유기농담음신동진쌀
[수미과] 조각 수박 800g,과일_견과_쌀,22900,800g,[수미과]조각수박
친환경 방울토마토500g,과일_견과_쌀,7990,500g,친환경방울토마토
[타무르] 데이츠 대추야자 14구,과일_견과_쌀,36900,기타,[타무르]데이츠대추야자14구
맛좋은 알뜰배 2kg (3~4입),과일_견과_쌀,19900,2kg,맛좋은알뜰배(3~)
하루 건강견과 Excellent 500g (20gX25봉),과일_견과_쌀,23900,500g,하루건강견과excellent(x)
[수미과] 조각 수박 400g,과일_견과_쌀,12900,400g,[수미과]조각수박
작지만 나도 성주 참외 2kg(10~15입),과일_견과_쌀,19900,2kg,작지만나도성주참외(10~)
[선물세트] 유명산지 사과세트 3.8kg (14~15입),과일_견과_쌀,49900,8kg,[선물세트]유명산지사과세트3.(14~)
[썬키스트] 팬시 레몬 1kg (8~12입),과일_견과_쌀,9990,1kg,[썬키스트]팬시레몬(8~)
엘그로 백진주쌀 10kg,과일_견과_쌀,48900,10kg,엘그로백진주쌀
태국산 고당도 씨암 망고 2종,과일_견과_쌀,10900,기타,태국산고당도씨암망고2종
백진주 쌀 4kg,과일_견과_쌀,20900,4kg,백진주쌀
맛나 대추방울토마토 750g,과일_견과_쌀,9990,750g,맛나대추방울토마토
[MPARK] 블랙라벨 고당도 오렌지 1.2kg (5~6입),과일_견과_쌀,7990,2kg,[mpark]블랙라벨고당도오렌지1.(5~)
하우스 대석 자두 300g (4~7입),과일_견과_쌀,12900,300g,하우스대석자두(4~)
[닥터넛츠] 저당 다크초콜릿 견과 3종,과일_견과_쌀,6980,기타,[닥터넛츠]저당다크초콜릿견과3종
[MPARK] 이스라엘 자몽 1.5kg (5~6입),과일_견과_쌀,9990,5kg,[mpark]이스라엘자몽1.(5~)
[Dole] 스위티오 파인애플 청크 400g,과일_견과_쌀,7990,400g,[dole]스위티오파인애플청크
[HBAF] 먼투썬 하루견과 블랙 20gx20봉,과일_견과_쌀,19900,20g,[hbaf]먼투썬하루견과블랙x
임금님표 이천쌀 알찬미 쌀 4kg,과일_견과_쌀,28900,4kg,임금님표이천쌀알찬미쌀
태국산 마하차녹 무지개 망고 600g (2입),과일_견과_쌀,8990,600g,태국산마하차녹무지개망고()
미국산 캘리포니아 생체리 300g (9.5row),과일_견과_쌀,13900,300g,미국산캘리포니아생체리(9.5row)
[압구정주꾸미] 주꾸미 볶음 2종 (택1),수산_해산_건어물,6500,기타,[압구정주꾸미]주꾸미볶음2종(택1)
[비비고] 순살 생선구이 4종 (택1),수산_해산_건어물,4480,기타,[비비고]순살생선구이4종(택1)
[KF365] 항공직송 노르웨이 생연어 6종 (택1),수산_해산_건어물,15900,기타,[kf365]항공직송노르웨이생연어6종(택1)
[압구정낙지] 낙지 볶음 2종 (택1),수산_해산_건어물,7500,기타,[압구정낙지]낙지볶음2종(택1)
[KF365] 에어프라이어용 생선까스,수산_해산_건어물,9590,기타,[kf365]에어프라이어용생선까스
"[2개 이상 구매시, 20%할인] 프리미엄 생새우살 3종 (냉동)",수산_해산_건어물,6290,2개,"[이상구매시,20%할인]프리미엄생새우살3종(냉동)"
[우주] 프리미엄 손질 생새우살 200g (냉동)(26/30사이즈),수산_해산_건어물,6490,200g,[우주]프리미엄손질생새우살(냉동)(26/30사이즈)
[오봉집] 낙지볶음 2종 (냉동),수산_해산_건어물,6690,기타,[오봉집]낙지볶음2종(냉동)
[Sea to Table] 손질 생새우살 200g (냉동) (26/30 사이즈),수산_해산_건어물,7220,200g,[seatotable]손질생새우살(냉동)(26/30사이즈)
[연안식당] 인기 해물 탕 4종 (택1),수산_해산_건어물,9890,기타,[연안식당]인기해물탕4종(택1)
[KF365] 국산 손질오징어 300g (냉장),수산_해산_건어물,14000,300g,[kf365]국산손질오징어(냉장)
[압구정오징어] 갑오징어 볶음 2종 (택1),수산_해산_건어물,8500,기타,[압구정오징어]갑오징어볶음2종(택1)
[KF365] 노르웨이 생연어회 200g (냉장),수산_해산_건어물,15900,200g,[kf365]노르웨이생연어회(냉장)
[KF365] 간편한 6가지 해물 모듬,수산_해산_건어물,7990,기타,[kf365]간편한6가지해물모듬
One-Frozen 노르웨이 고등어 3종 (냉동) (택1),수산_해산_건어물,8900,기타,one-frozen노르웨이고등어3종(냉동)(택1)
[만전김X컬리] 갓구운 만전김 16봉,수산_해산_건어물,4790,16봉,[만전김x컬리]갓구운만전김
[쌜모네키친] 오로라 생연어 2종 (냉장),수산_해산_건어물,12900,기타,[쌜모네키친]오로라생연어2종(냉장)
[포트'럭] 서해안 봄 암꽃게 1kg (3~4미)(생물),수산_해산_건어물,48900,1kg,[포트'럭]서해안봄암꽃게(3~4미)(생물)
[우물우물] 바른 진미 오징어채,수산_해산_건어물,11490,기타,[우물우물]바른진미오징어채
[KF365] 노르웨이 생연어 스테이크 200g (냉장),수산_해산_건어물,12900,200g,[kf365]노르웨이생연어스테이크(냉장)
[우오가시] 민물 양념장어,수산_해산_건어물,28990,기타,[우오가시]민물양념장어
[하남주꾸미] 주꾸미 볶음 2종 (택1),수산_해산_건어물,10900,기타,[하남주꾸미]주꾸미볶음2종(택1)
[연안식당] 꼬막 비빔장 2종 (택1),수산_해산_건어물,5500,기타,[연안식당]꼬막비빔장2종(택1)
[모현상회] 간장 생연어장 2종 (택1),수산_해산_건어물,10500,기타,[모현상회]간장생연어장2종(택1)
[Ozen] 훈제연어 슬라이스 180g 3종 (냉장) (택1),수산_해산_건어물,14900,180g,[ozen]훈제연어슬라이스3종(냉장)(택1)
[KF365] 완도 전복 5종 (생물) (택1),수산_해산_건어물,7900,기타,[kf365]완도전복5종(생물)(택1)
껍질벗긴 프리미엄 붉은 생새우살 300g (냉동),수산_해산_건어물,13800,300g,껍질벗긴프리미엄붉은생새우살(냉동)
[오봉집] 시원한 낙지 연포탕,수산_해산_건어물,13900,기타,[오봉집]시원한낙지연포탕
[포트'럭] 국산 손질 생새우살 2종 (택1) (냉동),수산_해산_건어물,7490,기타,[포트'럭]국산손질생새우살2종(택1)(냉동)
[KF365] 국산 손질 꽃게 2종 (냉동),수산_해산_건어물,10400,기타,[kf365]국산손질꽃게2종(냉동)
[제주창해] 제주 손질 고등어살 4종 (냉동) (택1),수산_해산_건어물,5900,기타,[제주창해]제주손질고등어살4종(냉동)(택1)
[만전김] 두번구워 더욱 바삭한 만전 김밥용김,수산_해산_건어물,2800,기타,[만전김]두번구워더욱바삭한만전김밥용김
[KF365] 두툼한 국산 손질오징어 600g (냉동),수산_해산_건어물,19900,600g,[kf365]두툼한국산손질오징어(냉동)
[KF365] 간편한 손질오징어 600g (냉동),수산_해산_건어물,12170,600g,[kf365]간편한손질오징어(냉동)
[어굼터] 순살 고등어구이 2종 (택1),수산_해산_건어물,3600,기타,[어굼터]순살고등어구이2종(택1)
[Kurly's] 순살 생선 4종 (택1),수산_해산_건어물,11900,기타,[kurly's]순살생선4종(택1)
[KF365] 명인 명란 2종 (택1),수산_해산_건어물,5800,기타,[kf365]명인명란2종(택1)
[KF365] 제주토막갈치 3종 (냉동) (택1),수산_해산_건어물,14290,기타,[kf365]제주토막갈치3종(냉동)(택1)
"간편한 손질 가리비 관자살 500g (중,냉동)",수산_해산_건어물,10990,500g,"간편한손질가리비관자살(중,냉동)"
[건어물상회] 통영 어린이멸치 200g,수산_해산_건어물,6790,200g,[건어물상회]통영어린이멸치
[오봉집] 주꾸미 볶음 2종 (택1),수산_해산_건어물,7550,기타,[오봉집]주꾸미볶음2종(택1)
[기장물산] 해녀가 인정한 기장미역,수산_해산_건어물,7590,기타,[기장물산]해녀가인정한기장미역
[해찬미소] 남도식 된장 꽃게탕,수산_해산_건어물,10900,기타,[해찬미소]남도식된장꽃게탕
[주전부리마켓] 내맘속에 구운 오징어,수산_해산_건어물,8700,기타,[주전부리마켓]내맘속에구운오징어
[KF365] 노르웨이 생연어회 400g (냉장),수산_해산_건어물,28500,400g,[kf365]노르웨이생연어회(냉장)
[바다해] 쫄깃 진미채 200g,수산_해산_건어물,13900,200g,[바다해]쫄깃진미채
[Sea to Table] 손질 왕 흰다리새우 300g (냉동) (16/20 사이즈),수산_해산_건어물,10573,300g,[seatotable]손질왕흰다리새우(냉동)(16/20사이즈)
[속초해품] 백명란젓 400g,수산_해산_건어물,15400,400g,[속초해품]백명란젓
[동광젓갈] 백명란젓,수산_해산_건어물,7980,기타,[동광젓갈]백명란젓
[KF365] 노르웨이 생연어횟감 400g (냉장),수산_해산_건어물,26900,400g,[kf365]노르웨이생연어횟감(냉장)
[광천김] 광천 파래 도시락김 16봉,수산_해산_건어물,5900,16봉,[광천김]광천파래도시락김
[대흥] 간편하게 손질된 데친 참문어 400g (냉장),수산_해산_건어물,27900,400g,[대흥]간편하게손질된데친참문어(냉장)
어린이 순살 생선 3종 (택1) (냉동),수산_해산_건어물,12900,기타,어린이순살생선3종(택1)(냉동)
[만선] 손질 전복살 3종 (택1) (냉동),수산_해산_건어물,18990,기타,[만선]손질전복살3종(택1)(냉동)
[Sea to Table] 볶음밥용 손질 새우살 200g (냉동) (91/120 사이즈),수산_해산_건어물,6072,200g,[seatotable]볶음밥용손질새우살(냉동)(91/120사이즈)
[주전부리마켓] 내맘속에 국산 오징어 90g,수산_해산_건어물,16900,90g,[주전부리마켓]내맘속에국산오징어
[KF365] 곱창 캔김 4종 (택1),수산_해산_건어물,4790,기타,[kf365]곱창캔김4종(택1)
[법성포참맛] 프리미엄 영광굴비180g (2마리) (냉동),수산_해산_건어물,10900,180g,[법성포참맛]프리미엄영광굴비(2마리)(냉동)
[포트'럭] 5가지 국산 해물모둠 300g (냉동),수산_해산_건어물,10900,300g,[포트'럭]5가지국산해물모둠(냉동)
[아라찬] 프리미엄 날치알 2종 (냉동),수산_해산_건어물,9060,기타,[아라찬]프리미엄날치알2종(냉동)
[이금선명인] 순살 간장양념 꽃게장 2종 (택1),수산_해산_건어물,14500,기타,[이금선명인]순살간장양념꽃게장2종(택1)
[선물세트] 민어굴비 세트,수산_해산_건어물,59000,기타,[선물세트]민어굴비세트
[포트'럭] 남해안 활낙지 2종 (생물) (택1),수산_해산_건어물,13900,기타,[포트'럭]남해안활낙지2종(생물)(택1)
[Mr.주꾸미] 주꾸미 볶음 2종 (택1),수산_해산_건어물,10500,기타,[mr.주꾸미]주꾸미볶음2종(택1)
[옆집꽃님이네] 직화구이김 5g X 27봉 2종 (택1),수산_해산_건어물,21600,5g,[옆집꽃님이네]직화구이김x2종(택1)
[골라담기] 인기 안주거리 8종 (택2),수산_해산_건어물,3350,기타,[골라담기]인기안주거리8종(택2)
[모현상회] 대광어 지느러미회 (엔가와) 100g,수산_해산_건어물,13900,100g,[모현상회]대광어지느러미회(엔가와)
[대흥] 간편하게 손질된 모리타니아산 데친 문어 250g (냉장),수산_해산_건어물,13800,250g,[대흥]간편하게손질된모리타니아산데친문어(냉장)
"[Sea to table] 간편한 손질 가리비 관자살 300g (대,냉동)",수산_해산_건어물,6990,300g,"[seatotable]간편한손질가리비관자살(대,냉동)"
[대천김] 곱창 도시락김 5g X 12봉,수산_해산_건어물,6000,5g,[대천김]곱창도시락김x
[만선] 두툼한 양념장어구이 2종 (택1),수산_해산_건어물,19900,기타,[만선]두툼한양념장어구이2종(택1)
대용량 프리미엄 손질 생새우살 800g (냉동) (26/30 사이즈),수산_해산_건어물,20900,800g,대용량프리미엄손질생새우살(냉동)(26/30사이즈)
[영심] 해조류 5종 (냉장),수산_해산_건어물,2380,기타,[영심]해조류5종(냉장)
[제주창해] 제주 고등어살 120~150g X 4입 (냉동),수산_해산_건어물,5900,150g,[제주창해]제주고등어살120~x(냉동)
국산 붉은대게살 100g (냉장),수산_해산_건어물,6990,100g,국산붉은대게살(냉장)
[KF365] 노르웨이 생연어필렛 1kg (냉장),수산_해산_건어물,56900,1kg,[kf365]노르웨이생연어필렛(냉장)
[바른생선] 장문볼락살 600g (5~7쪽) (냉동),수산_해산_건어물,12900,600g,[바른생선]장문볼락살(5~7쪽)(냉동)
[비비고] 노릇하게 구운 갈치구이,수산_해산_건어물,4780,기타,[비비고]노릇하게구운갈치구이
[삼삼물산] 남해에서 온 바지락살 120g (생물),수산_해산_건어물,7690,120g,[삼삼물산]남해에서온바지락살(생물)
[비비고] 노릇하게 구운 고등어 구이,수산_해산_건어물,4330,기타,[비비고]노릇하게구운고등어구이
[바비엔] 오징어 볶음 2종 (택1),수산_해산_건어물,9900,기타,[바비엔]오징어볶음2종(택1)
[KF365] 참바지락 2종 (생물) (택1),수산_해산_건어물,8360,기타,[kf365]참바지락2종(생물)(택1)
[베베피쉬] 이유식용 국산 다짐살 9종 90g (냉동) (택1),수산_해산_건어물,7900,90g,[베베피쉬]이유식용국산다짐살9종(냉동)(택1)
[덕화명란] MSC 인증 백명란 100g,수산_해산_건어물,7380,100g,[덕화명란]msc인증백명란
[쌜모네키친] 오로라 생연어장 2종 (택1),수산_해산_건어물,10620,기타,[쌜모네키친]오로라생연어장2종(택1)
[KF365] 백합조개 500g (생물),수산_해산_건어물,4790,500g,[kf365]백합조개(생물)
[쌜모네키친] 연어 스테이크 200g (냉동),수산_해산_건어물,12900,200g,[쌜모네키친]연어스테이크(냉동)
[바른생선] 손질 가자미살 600g (냉동),수산_해산_건어물,11900,600g,[바른생선]손질가자미살(냉동)
Hallo! 노르웨이 고등어 130~160g X 3입 (냉동),수산_해산_건어물,9990,160g,hallo!노르웨이고등어130~x(냉동)
[FROYA] 항공직송 노르웨이 생연어 2종 (택1),수산_해산_건어물,16800,기타,[froya]항공직송노르웨이생연어2종(택1)
[바비엔] Oh! 촉촉 오징어구이 2종 (택1),수산_해산_건어물,10900,기타,[바비엔]oh!촉촉오징어구이2종(택1)
[쌜모네키친] 오로라 그라브락스 연어 200g,수산_해산_건어물,18890,200g,[쌜모네키친]오로라그라브락스연어
[건어물상회] 황태채 300g,수산_해산_건어물,12490,300g,[건어물상회]황태채
[주전부리마켓] 석쇠로 구운 담백한 아구포 220g,수산_해산_건어물,11390,220g,[주전부리마켓]석쇠로구운담백한아구포
[제주창해] 제주 은갈치 3종 (냉동) (택1),수산_해산_건어물,18900,기타,[제주창해]제주은갈치3종(냉동)(택1)
[압구정오징어] 오징어 볶음 2종 (택1),수산_해산_건어물,7900,기타,[압구정오징어]오징어볶음2종(택1)
[KF365] 양념 소불고기 2종 (택1),정육_가공육_달걀,12990,기타,[kf365]양념소불고기2종(택1)
[KF365] 1+등급 무항생제 특란 20구,정육_가공육_달걀,6651,기타,[kf365]1+등급무항생제특란20구
[조선호텔] 떡갈비 345g,정육_가공육_달걀,9405,345g,[조선호텔]떡갈비
[Kim's butcher] 돌돌말이 대패 삼겹살 1kg(냉동),정육_가공육_달걀,12900,1kg,[kim'sbutcher]돌돌말이대패삼겹살(냉동)
[브룩클린688] 호주산 목초육 치마살 구이용 300g (냉장),정육_가공육_달걀,11990,300g,[브룩클린688]호주산목초육치마살구이용(냉장)
[KF365] 훈제오리 2종 (2입),정육_가공육_달걀,6770,2입,[kf365]훈제오리2종()
[Kurly's] 동물복지 백색 유정란 20구,정육_가공육_달걀,8670,기타,[kurly's]동물복지백색유정란20구
[Kim's butcher] 호주산 소고기 샤브샤브 500g(냉동),정육_가공육_달걀,10430,500g,[kim'sbutcher]호주산소고기샤브샤브(냉동)
[Kurly's] 동물복지 유정란 20구,정육_가공육_달걀,9290,기타,[kurly's]동물복지유정란20구
[자연실록] 무항생제 닭 다리살 (정육) 500g,정육_가공육_달걀,8670,500g,[자연실록]무항생제닭다리살(정육)
[KF365] 한돈 삼겹살 구이용 600g~ (냉장),정육_가공육_달걀,13800,600g,[kf365]한돈삼겹살구이용~(냉장)
[KF365] 1+ 한우 국거리 300g(냉장),정육_가공육_달걀,11340,300g,[kf365]1+한우국거리(냉장)
[KF365] 무항생제 특란 30구 (15구*2ea),정육_가공육_달걀,9980,기타,[kf365]무항생제특란30구(15구*2ea)
[KF365] 춘천식 닭갈비 1kg (냉장),정육_가공육_달걀,12990,1kg,[kf365]춘천식닭갈비(냉장)
[숭의가든] 옛날 소 불고기,정육_가공육_달걀,13340,기타,[숭의가든]옛날소불고기
[델리치오] 호주산 목초육 안심 스테이크 250g (냉장),정육_가공육_달걀,15990,250g,[델리치오]호주산목초육안심스테이크(냉장)
[다향오리] 훈제오리 슬라이스 (1입/3입),정육_가공육_달걀,4312,1입,[다향오리]훈제오리슬라이스(/)
[KF365] 한돈 목살 구이용 600g~ (냉장),정육_가공육_달걀,13980,600g,[kf365]한돈목살구이용~(냉장)
[KF365] 한돈 급냉 삼겹살 600g~ (냉동),정육_가공육_달걀,14340,600g,[kf365]한돈급냉삼겹살~(냉동)
[KF365] 1+등급 무항생제 초란 + 특란 30구,정육_가공육_달걀,9990,기타,[kf365]1+등급무항생제초란+특란30구
[한끼통살] 소스 닭가슴살 10종 (1입/4입) (택1),정육_가공육_달걀,2730,1입,[한끼통살]소스닭가슴살10종(/)(택1)
[고기반찬] 양념 LA 갈비 800g,정육_가공육_달걀,29925,800g,[고기반찬]양념la갈비
[KF365] 1+ 한우 다짐육 300g(냉장),정육_가공육_달걀,11390,300g,[kf365]1+한우다짐육(냉장)
[KF365] 에어프라이어용 미니 돈까스 2종,정육_가공육_달걀,9890,기타,[kf365]에어프라이어용미니돈까스2종
[KF365] 1+등급 무항생제 백색 대란 20구,정육_가공육_달걀,7290,기타,[kf365]1+등급무항생제백색대란20구
[자연실록] 닭가슴살 큐브 스테이크 4종,정육_가공육_달걀,8075,기타,[자연실록]닭가슴살큐브스테이크4종
치밥하기 좋은 순살 바베큐치킨,정육_가공육_달걀,13290,기타,치밥하기좋은순살바베큐치킨
[태우한우] 1+ 한우 안심 스테이크 200g (냉장),정육_가공육_달걀,31830,200g,[태우한우]1+한우안심스테이크(냉장)
[존쿡 델리미트] 사각잠봉 400g,정육_가공육_달걀,10608,400g,[존쿡델리미트]사각잠봉
[KF365] 오리지널 바베큐폭립 2종,정육_가공육_달걀,9990,기타,[kf365]오리지널바베큐폭립2종
[한끼통살] 그릴드 닭가슴살 13종 (1입/4입),정육_가공육_달걀,2510,1입,[한끼통살]그릴드닭가슴살13종(/)
[KF365] 한돈 고추장양념 돼지불고기 1kg (냉장),정육_가공육_달걀,12990,1kg,[kf365]한돈고추장양념돼지불고기(냉장)
[KF365] 한돈 항정살 500g(냉장),정육_가공육_달걀,23900,500g,[kf365]한돈항정살(냉장)
[KF365] 통통한 그릴 비엔나 소시지 700g,정육_가공육_달걀,8500,700g,[kf365]통통한그릴비엔나소시지
[태우한우] 1+ 한우 채끝 스테이크/구이 200g (냉장),정육_가공육_달걀,26750,200g,[태우한우]1+한우채끝스테이크/구이(냉장)
[KF365] 에어프라이어용 통등심 돈까스 2종,정육_가공육_달걀,10690,기타,[kf365]에어프라이어용통등심돈까스2종
[조선호텔] 양념 LA갈비 500g,정육_가공육_달걀,19465,500g,[조선호텔]양념la갈비
[KF365] 1+ 한우 등심 300g(냉장),정육_가공육_달걀,26900,300g,[kf365]1+한우등심(냉장)
[일상味소] 차돌박이 150g~ (냉동),정육_가공육_달걀,10350,150g,[일상味소]차돌박이~(냉동)
[KF365] 양념 칼집 목살구이1kg (냉동),정육_가공육_달걀,13790,1kg,[kf365]양념칼집목살구이(냉동)
[KF365] 1+등급 무항생제 특란 15구,정육_가공육_달걀,5690,기타,[kf365]1+등급무항생제특란15구
[Kim's Butcher] 미국산 대패 우삼겹 500g(냉동),정육_가공육_달걀,8990,500g,[kim'sbutcher]미국산대패우삼겹(냉동)
[일상味소] 샤브샤브 300g~ (냉동),정육_가공육_달걀,13350,300g,[일상味소]샤브샤브~(냉동)
[상하농원] 순갈색 동물복지 유정란 15구,정육_가공육_달걀,9200,기타,[상하농원]순갈색동물복지유정란15구
[Kurly's] 1++ 한우 국거리 250g (냉장),정육_가공육_달걀,12670,250g,[kurly's]1++한우국거리(냉장)
[마더푸드] 오리지널 쪽갈비,정육_가공육_달걀,13880,기타,[마더푸드]오리지널쪽갈비
[한일관 X 백년가게] 순살갈비,정육_가공육_달걀,27625,기타,[한일관x백년가게]순살갈비
[세미계] 간장 닭갈비 구이,정육_가공육_달걀,13700,기타,[세미계]간장닭갈비구이
[Kurly's] 1++ 한우 등심 250g (냉장),정육_가공육_달걀,33600,250g,[kurly's]1++한우등심(냉장)
[이목 무항생제] 국내산 소고기 다짐육 200g (냉장),정육_가공육_달걀,8800,200g,[이목무항생제]국내산소고기다짐육(냉장)
[KF365] 에어프라이어용 통 닭가슴살 치킨까스 120g*5pk,정육_가공육_달걀,9990,120g,[kf365]에어프라이어용통닭가슴살치킨까스*5pk
[KF365] 한돈 앞다리 찌개용 600g (냉장),정육_가공육_달걀,9400,600g,[kf365]한돈앞다리찌개용(냉장)
[오뗄블랙라벨] 제주돼지로 만든 비엔나 소시지 250g,정육_가공육_달걀,3752,250g,[오뗄블랙라벨]제주돼지로만든비엔나소시지
[하림] 수비드 냉장 닭가슴살 5종 (6개입),정육_가공육_달걀,10725,6개,[하림]수비드냉장닭가슴살5종(입)
[고기반찬] 양념 언양식 소 불고기 300g,정육_가공육_달걀,8925,300g,[고기반찬]양념언양식소불고기
[KF365] 생 등심 돈까스 8입 1kg (냉장),정육_가공육_달걀,14120,8입,[kf365]생등심돈까스(냉장)
[오봉집] 제육볶음400g,정육_가공육_달걀,7900,400g,[오봉집]제육볶음
[KF365] 1+ 한우 불고기용 300g(냉장),정육_가공육_달걀,11340,300g,[kf365]1+한우불고기용(냉장)
[KF365] 1+등급 무항생제 특란 10구,정육_가공육_달걀,3990,기타,[kf365]1+등급무항생제특란10구
[KF365] 1등급 닭 다리살 2종 (냉장),정육_가공육_달걀,9790,기타,[kf365]1등급닭다리살2종(냉장)
[태우한우] 1+ 한우 양지 국거리용 200g 2종 (냉장),정육_가공육_달걀,13750,200g,[태우한우]1+한우양지국거리용2종(냉장)
[조인] 동물복지 백색 유정 반숙란 20구,정육_가공육_달걀,13800,기타,[조인]동물복지백색유정반숙란20구
무항생제 1등급 한돈 수육용 600g 4종 (냉장),정육_가공육_달걀,18900,600g,무항생제1등급한돈수육용4종(냉장)
[하림] 냉장 닭가슴살 4종 (3개입),정육_가공육_달걀,6780,3개,[하림]냉장닭가슴살4종(입)
[자연실록] 동물복지 한입 닭가슴살 1kg,정육_가공육_달걀,13230,1kg,[자연실록]동물복지한입닭가슴살
[일상味소] 다짐육 200g (냉장),정육_가공육_달걀,6900,200g,[일상味소]다짐육(냉장)
[일상味소] 채끝 스테이크 250g (냉장),정육_가공육_달걀,16020,250g,[일상味소]채끝스테이크(냉장)
[숭의가든] 한돈 목살 양념 구이 500g,정육_가공육_달걀,13490,500g,[숭의가든]한돈목살양념구이
[KF365] 1+ 한우 차돌박이 300g (냉동),정육_가공육_달걀,18990,300g,[kf365]1+한우차돌박이(냉동)
[가농바이오] 촉촉하게 구워낸 오메가3 구운란 20구,정육_가공육_달걀,12200,기타,[가농바이오]촉촉하게구워낸오메가3구운란20구
[한일관 X 백년가게] 등심 불고기,정육_가공육_달걀,25520,기타,[한일관x백년가게]등심불고기
[일상味소] 안심 스테이크 200g (냉장),정육_가공육_달걀,17010,200g,[일상味소]안심스테이크(냉장)
[일상味소] 등심 스테이크/구이 2종 (냉장),정육_가공육_달걀,13250,기타,[일상味소]등심스테이크/구이2종(냉장)
[KF365] 두툼한 샌드위치햄 300g (150g*2입),정육_가공육_달걀,4660,300g,[kf365]두툼한샌드위치햄(*)
[KF365] 한돈 삼겹 대패 600g (냉동),정육_가공육_달걀,13350,600g,[kf365]한돈삼겹대패(냉동)
[선물세트] 태우한우 1+ 실속 구이 세트 (냉동),정육_가공육_달걀,195000,기타,[선물세트]태우한우1+실속구이세트(냉동)
[빕스] 바베큐 폭립 오리지날 450g,정육_가공육_달걀,13020,450g,[빕스]바베큐폭립오리지날
[노포기행] 용강동식 돼지왕구이 1kg,정육_가공육_달걀,8990,1kg,[노포기행]용강동식돼지왕구이
[자연실록] 무항생제 닭 가슴살 500g,정육_가공육_달걀,6560,500g,[자연실록]무항생제닭가슴살
[소금집] 잠봉 120g (냉장),정육_가공육_달걀,8900,120g,[소금집]잠봉(냉장)
[KF365] 오리주물럭 600g (200gX3개입),정육_가공육_달걀,13510,600g,[kf365]오리주물럭(x입)
[KF365] 1+등급 무항생제 대란 30구 (15구*2ea),정육_가공육_달걀,9980,기타,[kf365]1+등급무항생제대란30구(15구*2ea)
[브룩클린688] 호주산 토시살 구이용 300g (냉장),정육_가공육_달걀,11925,300g,[브룩클린688]호주산토시살구이용(냉장)
[2개 구매시 45%할인][델리치오] 와규 함박 스테이크 3종,정육_가공육_달걀,6875,2개,[구매시45%할인][델리치오]와규함박스테이크3종
무항생제 1등급 한돈 등갈비 600g (냉장),정육_가공육_달걀,19200,600g,무항생제1등급한돈등갈비(냉장)
[KF365] 한돈 앞다리 제육용 600g (냉장),정육_가공육_달걀,9400,600g,[kf365]한돈앞다리제육용(냉장)
[KF365] 1+등급 무항생제 대란 20구,정육_가공육_달걀,7290,기타,[kf365]1+등급무항생제대란20구
[브룩클린688] 호주산 안창살 구이용 300g (냉장),정육_가공육_달걀,11925,300g,[브룩클린688]호주산안창살구이용(냉장)
[Kurly's] 동물복지 유정란 15구,정육_가공육_달걀,7590,기타,[kurly's]동물복지유정란15구
[Better me] 백색 반숙란 10구,정육_가공육_달걀,6190,기타,[betterme]백색반숙란10구
[제주애월아빠들] 동물복지 유정란 10구,정육_가공육_달걀,5900,기타,[제주애월아빠들]동물복지유정란10구
[자연실록] 무항생제 닭 다리 (북채) 500g,정육_가공육_달걀,8700,500g,[자연실록]무항생제닭다리(북채)
[남도우애] 무항생제 1++ 한우 등심 스테이크/구이 200g (냉장),정육_가공육_달걀,28900,200g,[남도우애]무항생제1++한우등심스테이크/구이(냉장)
[자연실록] 무항생제 삼계탕용 두마리 통닭 (550gX2입),정육_가공육_달걀,10160,550g,[자연실록]무항생제삼계탕용두마리통닭(x)
[KF365] 무항생제 1등급 한우 다짐육 300g,정육_가공육_달걀,12720,300g,[kf365]무항생제1등급한우다짐육
[조인] 동물복지 유정 구운란 20구,정육_가공육_달걀,12150,기타,[조인]동물복지유정구운란20구
[사미헌] 갈비탕,국,11050,기타,[사미헌]갈비탕
[거대곰탕] 곰탕,국,11400,기타,[거대곰탕]곰탕
[미트클레버] 대구막창,국,15520,기타,[미트클레버]대구막창
[일일특가][홍익궁중전통] 육개장 (2인분),국,7560,기타,[일일특가][홍익궁중전통]육개장(2인분)
[신선설농탕] 고기 설렁탕,국,6825,기타,[신선설농탕]고기설렁탕
[사미헌] 우거지 갈비탕,국,8415,기타,[사미헌]우거지갈비탕
[Kurly's] 국산콩 두부 500g,국,3200,500g,[kurly's]국산콩두부
[에머이] 소고기 쌀국수 키트 (2인분),국,10000,기타,[에머이]소고기쌀국수키트(2인분)
[본죽] 메추리알 장조림 1kg,국,9265,1kg,[본죽]메추리알장조림
"[Kurly's] 간편하게 바삭, 유린기",국,8740,기타,"[kurly's]간편하게바삭,유린기"
[홍루이젠] 대만 샌드위치 3개입 3종 (택1),국,8600,3개,[홍루이젠]대만샌드위치입3종(택1)
[Kurly's] 국산콩 두부 300g,국,2200,300g,[kurly's]국산콩두부
[사미헌] 매운 소갈비찜,국,23840,기타,[사미헌]매운소갈비찜
[비비고] 간편한 국물요리 9종 (택2),국,7980,기타,[비비고]간편한국물요리9종(택2)
[신의주 찹쌀순대] 얼큰 순대국,국,6600,기타,[신의주찹쌀순대]얼큰순대국
[햇반/쿡반] 노릇노릇 주먹밥 500g 6종 (택1),국,7980,500g,[햇반/쿡반]노릇노릇주먹밥6종(택1)
[벽제갈비] 한우 설렁탕 & 양곰탕 & 곰탕,국,14450,기타,[벽제갈비]한우설렁탕&양곰탕&곰탕
[외할머니댁] 차돌 된장찌개,국,6975,기타,[외할머니댁]차돌된장찌개
[부침명장] 한입아삭 김치전,국,6880,기타,[부침명장]한입아삭김치전
[도리깨침] 월남쌈 밀키트,국,19080,기타,[도리깨침]월남쌈밀키트
[성수동 분식] 수제 고추튀김 3종 (오리지널/치즈/해물)(택1),국,12900,기타,[성수동분식]수제고추튀김3종(오리지널/치즈/해물)(택1)
[종가] 포기김치 2.3kg,국,19900,3kg,[종가]포기김치2.
[애슐리] 오리지널 통살치킨,국,6290,기타,[애슐리]오리지널통살치킨
[강남면옥] 갈비탕,국,11900,기타,[강남면옥]갈비탕
[앤쿡] 어린이 한우 사골 곰국,국,12375,기타,[앤쿡]어린이한우사골곰국
[Kurly's] 국산콩 2컵두부 (150g*2컵),국,2500,150g,[kurly's]국산콩2컵두부(*2컵)
[진실된손맛] 맑은 나주식곰탕,국,6120,기타,[진실된손맛]맑은나주식곰탕
[조선호텔] 삼계탕 900g,국,11900,900g,[조선호텔]삼계탕
[방방곡곡] 비빔국수 키트 (2인분),국,10500,기타,[방방곡곡]비빔국수키트(2인분)
[숭의가든] 한돈 목살 양념 구이 500g,국,13490,500g,[숭의가든]한돈목살양념구이
[엄마밥상] 청국장,국,6030,기타,[엄마밥상]청국장
[채선당] 샤브샤브 밀키트 (2인),국,16980,기타,[채선당]샤브샤브밀키트(2인)
[석관동 떡볶이] 오리지널 떡볶이 1봉/2봉(택1),국,10200,1봉,[석관동떡볶이]오리지널떡볶이/(택1)
[99치킨] 순살 닭강정,국,9900,기타,[99치킨]순살닭강정
[한일관 X 백년가게] 등심 불고기,국,25520,기타,[한일관x백년가게]등심불고기
[고래사] 프리미엄 어묵탕,국,10170,기타,[고래사]프리미엄어묵탕
[시골보쌈과 감자옹심이] 감자 옹심이 칼국수 (2인분),국,11067,기타,[시골보쌈과감자옹심이]감자옹심이칼국수(2인분)
[조선호텔] 한우미역국 730g,국,6207,730g,[조선호텔]한우미역국
[워커힐] 명월관 갈비탕,국,14450,기타,[워커힐]명월관갈비탕
[소반옥] 왕갈비탕 1KG,국,11900,기타,[소반옥]왕갈비탕
[골라담기] 인기 반찬 18종 균일가 (택2),국,3980,기타,[골라담기]인기반찬18종균일가(택2)
[고래사] 어묵 떡볶이,국,5850,기타,[고래사]어묵떡볶이
[피코크] 금돼지식당 김치찌개,국,5200,기타,[피코크]금돼지식당김치찌개
[우오가시] 민물 양념장어,국,28990,기타,[우오가시]민물양념장어
[비비고] 왕교자 455gx2개입,국,8680,455g,[비비고]왕교자x입
[풀무원] 쌀 물만두 1kg,국,8780,1kg,[풀무원]쌀물만두
[종가] 맛김치 1.2kg,국,13900,2kg,[종가]맛김치1.
[집반찬연구소] 나물 비빔밥 (2인분),국,9180,기타,[집반찬연구소]나물비빔밥(2인분)
[Kurly's] 시원한 배추김치 1.5kg,국,12870,5kg,[kurly's]시원한배추김치1.
[풀무원] 고소한 유기농 순두부 (2개입),국,2700,2개,[풀무원]고소한유기농순두부(입)
[조선호텔] 꿔바로우 450g,국,8428,450g,[조선호텔]꿔바로우
[조선호텔] 게살볶음밥 420g,국,6794,420g,[조선호텔]게살볶음밥
[경복궁 BLACK] 사골 도가니탕,국,11000,기타,[경복궁black]사골도가니탕
[안원당] 우거지 감자탕,국,6800,기타,[안원당]우거지감자탕
[온더고] 간편 미식 덮밥 도시락 4종 (택2),국,5140,기타,[온더고]간편미식덮밥도시락4종(택2)
[고래사] 가정용 꼬치어묵,국,6120,기타,[고래사]가정용꼬치어묵
[톰볼라] 볼로네제 라자냐,국,18320,기타,[톰볼라]볼로네제라자냐
[왕애밥상] 매운실비김치 2종 (택1),국,7300,기타,[왕애밥상]매운실비김치2종(택1)
[비비고] 썰은배추김치 500g (단지형),국,6920,500g,[비비고]썰은배추김치(단지형)
[피코크] 조선호텔 포기김치 3kg,국,38800,3kg,[피코크]조선호텔포기김치
[조선호텔] 갈비탕 730g,국,12927,730g,[조선호텔]갈비탕
[풀무원] 특등급 국산콩 두부 (부침찌개 겸용) 300gx2,국,5480,300g,[풀무원]특등급국산콩두부(부침찌개겸용)x2
[비움반찬] 도시락 밑반찬 세트 5종(택1),국,9207,기타,[비움반찬]도시락밑반찬세트5종(택1)
[청해두부] 토종콩 두부 & 순두부 (2개입) (택1),국,6500,2개,[청해두부]토종콩두부&순두부(입)(택1)
[남다른 감자탕] 순살 감자탕,국,8330,기타,[남다른감자탕]순살감자탕
[조선호텔김치] 프리미엄 겉절이 500g,국,18000,500g,[조선호텔김치]프리미엄겉절이
[바른식] 부산 조방낙지 낙곱새 (2인분),국,18497,기타,[바른식]부산조방낙지낙곱새(2인분)
[비움반찬] 진미채볶음,국,3700,기타,[비움반찬]진미채볶음
[이연복의 복주머니] 한우 우거지 국밥(2인분),국,11610,기타,[이연복의복주머니]한우우거지국밥(2인분)
[마마리] 들깨 미역국,국,3920,기타,[마마리]들깨미역국
[한일관 X 백년가게] 서울불고기,국,15920,기타,[한일관x백년가게]서울불고기
[최현석의 쵸이닷] 새우 봉골레 파스타,국,8370,기타,[최현석의쵸이닷]새우봉골레파스타
[조선호텔] 육개장 730g,국,7347,730g,[조선호텔]육개장
[엄마밥상] 대파 육개장,국,6000,기타,[엄마밥상]대파육개장
[비움반찬] 베스트 9종 모둠 반찬,국,11997,기타,[비움반찬]베스트9종모둠반찬
[마이하노이] 고기폭탄쌀국수,국,6536,기타,[마이하노이]고기폭탄쌀국수
[조선호텔김치] 프리미엄 배추김치 1kg,국,28000,1kg,[조선호텔김치]프리미엄배추김치
[설성목장] 한우 곰탕 600g,국,8900,600g,[설성목장]한우곰탕
[미자언니네] 밑반찬 21종,국,4830,기타,[미자언니네]밑반찬21종
[콜린스 다이닝] 마르게리타 미트볼,국,11400,기타,[콜린스다이닝]마르게리타미트볼
[더오담] 콩비지찌개,국,5310,기타,[더오담]콩비지찌개
[진실된손맛] 소곱창전골,국,7920,기타,[진실된손맛]소곱창전골
[삼호] 부산어묵 바른사각 240g X 2,국,2420,240g,[삼호]부산어묵바른사각x2
[사미헌] LA갈비,국,23000,기타,[사미헌]la갈비
[LOTS OF LOVE] 차돌듬뿍 묵은지 볶음밥,국,6760,기타,[lotsoflove]차돌듬뿍묵은지볶음밥
[탄단지] 가벼운 한식 도시락 6종 (2개입) (택1),국,7820,2개,[탄단지]가벼운한식도시락6종(입)(택1)
[외할머니댁] 갈빗살 육개장 (2인분),국,11700,기타,[외할머니댁]갈빗살육개장(2인분)
[신의주 찹쌀순대] 찹쌀 순대국,국,6600,기타,[신의주찹쌀순대]찹쌀순대국
[오모가리] 수제 김치찌개 2종,국,5500,기타,[오모가리]수제김치찌개2종
[비비고] 총각김치1.5kg,국,19800,5kg,[비비고]총각김치1.
[더건강한] 닭가슴살 샌드위치햄 90g*3,국,6980,90g,[더건강한]닭가슴살샌드위치햄*3
[비비고] 열무김치 1.5kg,국,19800,5kg,[비비고]열무김치1.
[진실된손맛] 모둠나물 손맛 3종(시금치&콩나물&느타리),국,5220,기타,[진실된손맛]모둠나물손맛3종(시금치&콩나물&느타리)
[사세] 버팔로 윙 골드 1kg,국,16900,1kg,[사세]버팔로윙골드
[워커힐] 곰탕,국,11250,기타,[워커힐]곰탕
[풀무원] 한끼 연두부 2개입,국,2480,2개,[풀무원]한끼연두부입
[24-25 햇올리브][꾸악] 스페인 유기농 엑스트라버진 500mL,면,89100,기타,[24-25햇올리브][꾸악]스페인유기농엑스트라버진
[데체코] 엑스트라버진 올리브 오일 500mL,면,18975,기타,[데체코]엑스트라버진올리브오일
[파미고] 엑스트라 버진 올리브 오일 500mL,면,18900,기타,[파미고]엑스트라버진올리브오일
[스팸] 클래식 200gx2캔 + 25%라이트 200gx2캔 (4캔 구성),면,10800,200g,[스팸]클래식x2캔+25%라이트x2캔(4캔구성)
[존쿡 델리미트] 사각잠봉 400g,면,10608,400g,[존쿡델리미트]사각잠봉
[동원] 살코기 참치 85g X 6캔,면,9580,85g,[동원]살코기참치x6캔
[오뗄블랙라벨] 제주돼지로 만든 비엔나 소시지 250g,면,3752,250g,[오뗄블랙라벨]제주돼지로만든비엔나소시지
[컬리X햇반] 향긋한 골든퀸현미밥 200g*6입,면,6980,200g,[컬리x햇반]향긋한골든퀸현미밥*
[올리타리아] 엑스트라버진 올리브유 1L,면,27900,1L,[올리타리아]엑스트라버진올리브유
[농심] 신라면 멀티 5입,면,4150,5입,[농심]신라면멀티
[마이노멀] 알룰로스 485g,면,8980,485g,[마이노멀]알룰로스
[청양] 통참깨 참기름 & 통들깨 들기름 180ml,면,7565,180ml,[청양]통참깨참기름&통들깨들기름
[마정기름집] 프리미엄 국산 햇참기름 & 햇들기름 3종 (택1),면,26605,기타,[마정기름집]프리미엄국산햇참기름&햇들기름3종(택1)
[햇반] 백미밥 210g X 6입,면,8480,210g,[햇반]백미밥x
[청정원] 정통 파스타소스 5종 (600g),면,4980,600g,[청정원]정통파스타소스5종()
[더건강한] 샌드위치 햄,면,2440,기타,[더건강한]샌드위치햄
[풀무원] 다진마늘 2종,면,5990,기타,[풀무원]다진마늘2종
[그로브] 아보카도 엑스트라버진 오일 2종 (택1),면,15600,기타,[그로브]아보카도엑스트라버진오일2종(택1)
[마정기름집] 100% 통깨 햇참기름 2종 (택1),면,12500,기타,[마정기름집]100%통깨햇참기름2종(택1)
[폰타나] 파스타 소스 600g 5종,면,4980,600g,[폰타나]파스타소스5종
[오뚜기] 오뚜기밥 실속 210gX12,면,10500,210g,[오뚜기]오뚜기밥실속x12
[농심] 올리브 짜파게티 5입,면,5300,5입,[농심]올리브짜파게티
[올리타리아] 엑스트라버진 올리브 오일 500mL,면,17000,기타,[올리타리아]엑스트라버진올리브오일
[르네디종] 디종 머스터드 & 홀 그레인 머스터드 (190g/200g),면,4990,190g,[르네디종]디종머스터드&홀그레인머스터드(/)
[칠갑농산] 우리쌀 떡국떡 800g,면,5950,800g,[칠갑농산]우리쌀떡국떡
[골라담기] 오뚜기 라면 6종 균일가 (택3),면,3300,기타,[골라담기]오뚜기라면6종균일가(택3)
[팔도] 비빔면 5입,면,3260,5입,[팔도]비빔면
[더건강한] 그릴 김밥햄,면,5290,기타,[더건강한]그릴김밥햄
[미자언니네] 꽃게 액젓 2종 (택1),면,18040,기타,[미자언니네]꽃게액젓2종(택1)
[올리] 100% 메밀면 4입번들,면,8530,4입,[올리]100%메밀면번들
[프레스코발디] 라우데미오 엑스트라 버진 올리브 오일 500mL,면,71100,기타,[프레스코발디]라우데미오엑스트라버진올리브오일
[비비드키친] 저당 드레싱 3종,면,4280,기타,[비비드키친]저당드레싱3종
[오뗄블랙라벨] 제주돼지로 만든 분홍 소세지,면,3825,기타,[오뗄블랙라벨]제주돼지로만든분홍소세지
[리오마레] 올리브 오일 참치 80g (3캔/6캔) (택1),면,10780,80g,[리오마레]올리브오일참치(3캔/6캔)(택1)
[쟌슨빌] 소시지 3종,면,9990,기타,[쟌슨빌]소시지3종
[더건강한] 그릴 비엔나 200gX2개입,면,6480,200g,[더건강한]그릴비엔나x입
[룸모] 롱 파스타면 7종 (택1),면,4850,기타,[룸모]롱파스타면7종(택1)
[더건강한] 베이컨90g*2,면,6980,90g,[더건강한]베이컨*2
[Kurly's] 한돈 삼겹 베이컨,면,4320,기타,[kurly's]한돈삼겹베이컨
[에스비] 골든카레 220g 4종 (택1),면,4780,220g,[에스비]골든카레4종(택1)
[폰타나] 크림 파스타소스 430g 6종,면,7780,430g,[폰타나]크림파스타소스6종
[풀무원] 통밀 또띠아 6인치(6입),면,3580,6입,[풀무원]통밀또띠아6인치()
[주세페주스티] 화이트 발사믹 소스 (콘디멘토),면,44800,기타,[주세페주스티]화이트발사믹소스(콘디멘토)
[백설] 햄스빌 굿베이컨 110g*3,면,6980,110g,[백설]햄스빌굿베이컨*3
[오뗄블랙라벨] 전지 베이컨,면,2992,기타,[오뗄블랙라벨]전지베이컨
[데체코] 롱 파스타 6종,면,5280,기타,[데체코]롱파스타6종
[서림식품] 진참치액,면,10800,기타,[서림식품]진참치액
[폰타나] 이탈리아 정통 파스타면 4종 (택1),면,2780,기타,[폰타나]이탈리아정통파스타면4종(택1)
[이리아다] 엑스트라버진 실버틴 올리브 오일 500mL,면,23900,기타,[이리아다]엑스트라버진실버틴올리브오일
[일 티넬로 델 발사미코] 발사믹 글레이즈,면,13515,기타,[일티넬로델발사미코]발사믹글레이즈
[라베키아] 화이트 발사믹 비네거 (콘디멘토),면,21800,기타,[라베키아]화이트발사믹비네거(콘디멘토)
[맹가졸리] 발사믹 모데나 식초 3년산 & 8년산,면,8262,기타,[맹가졸리]발사믹모데나식초3년산&8년산
[백설] 고소함가득 참기름 500mL,면,9980,기타,[백설]고소함가득참기름
[한국맥꾸룸] 맥된장 2종,면,4580,기타,[한국맥꾸룸]맥된장2종
[알리안자] 아보카도 오일 500mL,면,9810,기타,[알리안자]아보카도오일
[천일식품] 사누끼 우동면,면,3980,기타,[천일식품]사누끼우동면
[드니그리스] 유기농 사과 식초 2종 (언필터) (택1),면,6950,기타,[드니그리스]유기농사과식초2종(언필터)(택1)
[농심] 육개장 사발면 6입,면,5580,6입,[농심]육개장사발면
[미자언니네] 프리미엄 맛간장,면,10000,기타,[미자언니네]프리미엄맛간장
[비비드키친] 저당 굴소스,면,5200,기타,[비비드키친]저당굴소스
[햇님마을] 국산 100% 깨가 쏟아지는 볶음참깨 2종,면,7980,기타,[햇님마을]국산100%깨가쏟아지는볶음참깨2종
[조선마켓] 조선향미 유기농 떡 2종 (택1),면,6750,기타,[조선마켓]조선향미유기농떡2종(택1)
[골라담기] 하림 The 미식 라면 10종 균일가 (택2),면,4950,기타,[골라담기]하림the미식라면10종균일가(택2)
[농심] 얼큰한 너구리 5입,면,4700,5입,[농심]얼큰한너구리
[순수람] 채소를 담은 자연주의 채담카레 2종 (낱개/4개입) (택1),면,2080,4개,[순수람]채소를담은자연주의채담카레2종(낱개/입)(택1)
[24-25 햇올리브][마이 올리브트리] 엑스트라버진 500mL,면,66000,기타,[24-25햇올리브][마이올리브트리]엑스트라버진
[풀무원] 식물성 지구식단 얇은 두유면 3입,면,5980,3입,[풀무원]식물성지구식단얇은두유면
[비비드키친] 비건마요,면,3980,기타,[비비드키친]비건마요
[풀무원] 튜브형 쌈장 2종,면,4480,기타,[풀무원]튜브형쌈장2종
[오스카마이어] 베이컨 453g 2종,면,15900,453g,[오스카마이어]베이컨2종
[후이펑] 닭표 스리라차 소스 255g,면,7980,255g,[후이펑]닭표스리라차소스
[목우촌] 주부9단 김밥햄 170gX2개,면,5980,170g,[목우촌]주부9단김밥햄x
[오뚜기] 백세카레 100g 3종(분말),면,3780,100g,[오뚜기]백세카레3종(분말)
[선물세트] 마정기름집 프리미엄 국산 햇참기름+햇들기름 2구 세트,면,58400,기타,[선물세트]마정기름집프리미엄국산햇참기름+햇들기름2구세트
[동원] 고추참치 85g X 6캔,면,9580,85g,[동원]고추참치x6캔
[데체코] 토마토 파스타소스 400g 3종,면,5980,400g,[데체코]토마토파스타소스3종
[목우촌] 주부9단 비엔나 소시지,면,10900,기타,[목우촌]주부9단비엔나소시지
[풀무원] 식물성 지구식단 두부면 100g 2종 (택1),면,2180,100g,[풀무원]식물성지구식단두부면2종(택1)
[목우촌] 뽀로로와 친구들 비엔나소시지 270gX2개,면,8980,270g,[목우촌]뽀로로와친구들비엔나소시지x
[CJ] 만번치댄 사누끼 우동면(230g*5),면,3980,230g,[cj]만번치댄사누끼우동면(*5)
[양평상회] 월간 참기름 200mL,면,30900,기타,[양평상회]월간참기름
[동원] 저스트 No Sugar 스위트콘 340g,면,1480,340g,[동원]저스트nosugar스위트콘
[오뚜기] 가벼운참치 라이트스탠다드 (135GX4),면,9900,기타,[오뚜기]가벼운참치라이트스탠다드(x4)
[소다미] 하동 매실원액 2종 (500ml/1000ml),면,8200,500ml,[소다미]하동매실원액2종(/)
[청정원] 카레여왕 108g 3종(분말),면,2900,108g,[청정원]카레여왕3종(분말)
[기꼬만] 혼쯔유 (코이다시) 500ml,면,6480,500ml,[기꼬만]혼쯔유(코이다시)
[이리아다] 유기농 엑스트라버진 올리브 오일 500mL,면,27500,기타,[이리아다]유기농엑스트라버진올리브오일
[백설] 포도씨유 900mL,면,12000,기타,[백설]포도씨유
[카페마마스] 마녀스프 2개입,면,8550,2개,[카페마마스]마녀스프입
[파르키오니] 퓨어 올리브유 500mL,면,16470,기타,[파르키오니]퓨어올리브유
[농심] 안성탕면 5입,면,3950,5입,[농심]안성탕면
[어반나이프] 프리미엄 소시지 2종,면,8690,기타,[어반나이프]프리미엄소시지2종
[존쿡 델리미트] 고소한 비엔나 소시지 255g,면,4380,255g,[존쿡델리미트]고소한비엔나소시지
[오뚜기] 마요네스 3종,면,3940,기타,[오뚜기]마요네스3종
[폰타나] 오일 파스타소스 430g 2종,면,6480,430g,[폰타나]오일파스타소스2종
[풀무원] 식물성 지구식단 납작 두유면 3입,면,5980,3입,[풀무원]식물성지구식단납작두유면
